lc_type,clr,count,total,proportion,stable
barren,alabaster,2425,23711,0.1022732065286154,True
barren,amber,994,23711,0.041921471047193286,False
barren,aqua,47,23711,0.0019822023533381133,False
barren,aquamarine,202,23711,0.008519252667538273,False
barren,auburn,2,23711,8.434903631226013e-05,False
barren,azure,45,23711,0.001897853317025853,False
barren,bar,2,23711,8.434903631226013e-05,False
barren,beige,235,23711,0.009911011766690566,False
barren,blue,19,23711,0.0008013158449664713,False
barren,brown,154,23711,0.00649487579604403,False
barren,cocoa,9809,23711,0.4136898485934798,True
barren,coffee,85,23711,0.0035848340432710554,False
barren,emerald,3,23711,0.0001265235544683902,False
barren,foo,146,23711,0.0061574796507949895,False
barren,gold,3,23711,0.0001265235544683902,False
barren,gray,213,23711,0.008983172367255704,False
barren,green,938,23711,0.03955969803045,False
barren,grey,94,23711,0.003964404706676227,False
barren,indigo,76,23711,0.003205263379865885,False
barren,ivory,161,23711,0.0067900974231369406,False
barren,lavender,53,23711,0.0022352494622748936,False
barren,lemon,47,23711,0.0019822023533381133,False
barren,lilac,30,23711,0.001265235544683902,False
barren,maroon,1,23711,4.217451815613006e-05,False
barren,navy,2418,23711,0.1019779849015225,True
barren,olive,358,23711,0.015098477499894564,False
barren,orange,2899,23711,0.12226392813462106,True
barren,plum,6,23711,0.0002530471089367804,False
barren,purple,410,23711,0.017291552444013328,False
barren,red,1643,23711,0.0692927333305217,True
barren,sage,59,23711,0.002488296571211674,False
barren,sienna,31,23711,0.001307410062840032,False
barren,terracotta,95,23711,0.004006579224832356,False
barren,yellow,8,23711,0.0003373961452490405,False
crop,alabaster,7518,33257,0.2260576720690381,True
crop,amber,256,33257,0.0076976275671287245,False
crop,aqua,90,33257,0.0027061971915686924,False
crop,aquamarine,381,33257,0.011456234777640798,False
crop,auburn,4,33257,0.00012027543073638632,False
crop,azure,668,33257,0.020085996932976517,False
crop,bar,490,33257,0.014733740265207325,False
crop,beige,261,33257,0.007847971855549208,False
crop,blue,235,33257,0.007066181555762697,False
crop,brown,4861,33257,0.1461647172023935,True
crop,cocoa,4511,33257,0.13564061701295968,True
crop,coffee,2075,33257,0.06239287969450041,True
crop,emerald,8,33257,0.00024055086147277264,False
crop,foo,196,33257,0.00589349610608293,False
crop,gray,1931,33257,0.0580629641879905,True
crop,green,606,33257,0.018221727756562528,False
crop,grey,1520,33257,0.045704663679826806,True
crop,indigo,380,33257,0.011426165919956701,False
crop,ivory,219,33257,0.006585079832817151,False
crop,lavender,953,33257,0.028655621372944043,False
crop,lilac,98,33257,0.002946748053041465,False
crop,navy,924,33257,0.027783624500105242,False
crop,olive,957,33257,0.028775896803680426,False
crop,orange,1112,33257,0.0334365697447154,True
crop,plum,12,33257,0.00036082629220915896,False
crop,purple,495,33257,0.014884084553627807,False
crop,red,523,33257,0.01572601256878251,False
crop,sage,1148,33257,0.03451904862134288,True
crop,scarlet,5,33257,0.0001503442884204829,False
crop,sienna,120,33257,0.00360826292209159,False
crop,tan,36,33257,0.001082478876627477,False
crop,terracotta,620,33257,0.01864269176413988,False
crop,verde,44,33257,0.0013230297381002496,False
forest,alabaster,38022,485853,0.07825823860303426,True
forest,amber,5217,485853,0.010737815759087626,True
forest,aqua,1632,485853,0.0033590406974949214,True
forest,aquamarine,1233,485853,0.002537804644614729,True
forest,auburn,1,485853,2.058235721504241e-06,False
forest,azure,3001,485853,0.0061767654002342276,True
forest,bar,267,485853,0.0005495489376416324,False
forest,beige,3484,485853,0.0071708932537207755,True
forest,blue,3922,485853,0.008072400499739634,True
forest,brown,98452,485853,0.20263742325353554,True
forest,cocoa,64355,485853,0.13245775985740543,True
forest,coffee,47327,485853,0.09741012199163121,True
forest,emerald,340,485853,0.0006998001453114419,False
forest,foo,949,485853,0.0019532656997075246,False
forest,gold,14,485853,2.8815300101059374e-05,False
forest,gray,4578,485853,0.009422603133046416,True
forest,green,33938,485853,0.06985240391641093,True
forest,grey,6271,485853,0.012907196209553095,True
forest,indigo,10641,485853,0.02190168631252663,True
forest,ivory,3497,485853,0.007197650318100331,True
forest,lavender,12959,485853,0.026672676714973458,True
forest,lemon,124,485853,0.0002552212294665259,False
forest,lilac,1375,485853,0.0028300741170683313,True
forest,navy,8490,485853,0.017474421275571007,True
forest,olive,51365,485853,0.10572127783506534,True
forest,orange,16949,485853,0.03488503724377538,True
forest,plum,25,485853,5.1455893037606024e-05,False
forest,purple,2876,485853,0.005919485935046197,True
forest,red,4741,485853,0.009758095555651606,True
forest,sage,30403,485853,0.06257654064089344,True
forest,scarlet,2,485853,4.116471443008482e-06,False
forest,sienna,378,485853,0.0007780131027286031,False
forest,tan,2040,485853,0.004198800871868652,True
forest,terracotta,15982,485853,0.03289472330108078,True
forest,verde,11003,485853,0.022646767643711162,True
grass,alabaster,3835,15954,0.2403785884417701,True
grass,amber,428,15954,0.026827127992979816,False
grass,aqua,33,15954,0.002068446784505453,False
grass,aquamarine,18,15954,0.0011282437006393381,False
grass,azure,318,15954,0.01993230537796164,False
grass,bar,57,15954,0.0035727717186912374,False
grass,beige,146,15954,0.009151310016296854,False
grass,blue,33,15954,0.002068446784505453,False
grass,brown,972,15954,0.060925159834524255,False
grass,cocoa,3709,15954,0.2324808825372947,True
grass,coffee,286,15954,0.01792653879904726,False
grass,crimson,1,15954,6.268020559107433e-05,False
grass,foo,58,15954,0.0036354519242823118,False
grass,gray,200,15954,0.012536041118214868,False
grass,green,345,15954,0.021624670928920647,False
grass,grey,306,15954,0.01918014291086875,False
grass,indigo,142,15954,0.008900589193932556,False
grass,ivory,786,15954,0.04926664159458443,False
grass,lavender,238,15954,0.014917888930675693,False
grass,lemon,50,15954,0.003134010279553717,False
grass,lilac,50,15954,0.003134010279553717,False
grass,navy,943,15954,0.059107433872383104,False
grass,olive,449,15954,0.028143412310392378,False
grass,orange,1120,15954,0.07020183026200326,True
grass,plum,8,15954,0.0005014416447285947,False
grass,purple,181,15954,0.011345117211984456,False
grass,red,437,15954,0.027391249843299485,False
grass,sage,288,15954,0.01805189921022941,False
grass,sienna,12,15954,0.000752162467092892,False
grass,tan,25,15954,0.0015670051397768585,False
grass,terracotta,447,15954,0.02801805189921023,False
grass,verde,33,15954,0.002068446784505453,False
other,brown,4,4,1.0,False
shrub,alabaster,13519,134092,0.10081884079587149,True
shrub,amber,3106,134092,0.02316320138412433,True
shrub,aqua,751,134092,0.005600632401634699,False
shrub,aquamarine,302,134092,0.0022521850669689467,False
shrub,azure,3324,134092,0.024788950869552247,True
shrub,bar,154,134092,0.0011484652328252244,False
shrub,beige,2674,134092,0.01994153267905617,True
shrub,blue,1768,134092,0.01318497747814933,True
shrub,brown,17384,134092,0.12964233511320586,True
shrub,cocoa,34210,134092,0.255123348149032,True
shrub,coffee,4718,134092,0.035184798496554606,True
shrub,crimson,42,134092,0.00031321779077051577,False
shrub,emerald,9,134092,6.711809802225338e-05,False
shrub,foo,740,134092,0.005518599170718611,False
shrub,gold,10,134092,7.457566446917042e-05,False
shrub,gray,994,134092,0.00741282104823554,False
shrub,green,3851,134092,0.02871908838707753,True
shrub,grey,806,134092,0.006010798556215136,False
shrub,indigo,1346,134092,0.010037884437550338,True
shrub,ivory,2820,134092,0.021030337380306057,True
shrub,lavender,3190,134092,0.023789636965665363,True
shrub,lemon,1005,134092,0.007494854279151628,True
shrub,lilac,952,134092,0.007099603257465024,False
shrub,maroon,15,134092,0.00011186349670375564,False
shrub,navy,7507,134092,0.05598395131700624,True
shrub,olive,4364,134092,0.032544819974345975,True
shrub,orange,6913,134092,0.05155415684753751,True
shrub,plum,30,134092,0.00022372699340751127,False
shrub,purple,899,134092,0.0067043522357784205,False
shrub,red,5402,134092,0.04028577394624586,True
shrub,sage,4887,134092,0.03644512722608358,True
shrub,scarlet,2,134092,1.4915132893834084e-05,False
shrub,sienna,451,134092,0.003363362467559586,False
shrub,tan,545,134092,0.004064373713569788,False
shrub,terracotta,4751,134092,0.03543089818930287,True
shrub,verde,630,134092,0.004698266861557736,False
shrub,yellow,21,134092,0.00015660889538525788,False
urban,alabaster,304113,5671471,0.053621538398062864,True
urban,amber,294544,5671471,0.0519343218011694,True
urban,aqua,585,5671471,0.0001031478429493865,False
urban,aquamarine,214,5671471,3.7732715198578993e-05,False
urban,auburn,4632,5671471,0.0008167193308402706,True
urban,azure,89096,5671471,0.015709504641741093,True
urban,bar,1277,5671471,0.0002251620434980625,True
urban,beige,52095,5671471,0.009185447655467163,True
urban,blue,39774,5671471,0.007012995393963929,True
urban,brown,130114,5671471,0.022941843482934144,True
urban,cocoa,1412584,5671471,0.24906836339284816,True
urban,coffee,61393,5671471,0.010824881234515702,True
urban,crimson,126,5671471,2.2216458481406322e-05,False
urban,emerald,38,5671471,6.700201764233653e-06,False
urban,foo,180284,5671471,0.03178787302271315,True
urban,gold,7299,5671471,0.0012869677020300378,True
urban,gray,1142,5671471,0.00020135869512512714,True
urban,green,120661,5671471,0.021275080133531493,True
urban,grey,34884,5671471,0.006150785219566493,True
urban,indigo,10653,5671471,0.001878348668273187,True
urban,ivory,283141,5671471,0.04992373230860212,True
urban,lavender,89189,5671471,0.01572590250395356,True
urban,lemon,264955,5671471,0.046717156801119146,True
urban,lilac,192378,5671471,0.03392030039473005,True
urban,maroon,607,5671471,0.00010702690712867967,False
urban,navy,245540,5671471,0.04329388266289293,True
urban,olive,266701,5671471,0.04702501344007578,True
urban,orange,476889,5671471,0.08408559260904269,True
urban,plum,1875,5671471,0.0003306020607352131,True
urban,purple,227183,5671471,0.040057156247470894,True
urban,red,353299,5671471,0.06229406797636804,True
urban,sage,49763,5671471,0.008774266852462086,True
urban,scarlet,14186,5671471,0.002501291111247858,True
urban,sienna,20504,5671471,0.003615287815101232,True
urban,terracotta,439366,5671471,0.07746949600906008,True
urban,yellow,387,5671471,6.823626533574799e-05,False
urban+barren,alabaster,24287,283037,0.08580856919766673,True
urban+barren,amber,30610,283037,0.10814840462554366,True
urban+barren,aqua,258,283037,0.0009115416005681236,False
urban+barren,aquamarine,172,283037,0.000607694400378749,False
urban+barren,auburn,8,283037,2.8264855831569725e-05,False
urban+barren,azure,189,283037,0.0006677572190208347,False
urban+barren,bar,2,283037,7.066213957892431e-06,False
urban+barren,beige,1454,283037,0.005137137547387797,True
urban+barren,blue,412,283037,0.0014556400753258408,False
urban+barren,brown,902,283037,0.0031868624950094865,False
urban+barren,cocoa,67706,283037,0.23921254111653248,True
urban+barren,coffee,350,283037,0.0012365874426311753,False
urban+barren,crimson,19,283037,6.71290325999781e-05,False
urban+barren,emerald,4,283037,1.4132427915784863e-05,False
urban+barren,foo,1090,283037,0.003851086607051375,True
urban+barren,gold,32,283037,0.0001130594233262789,False
urban+barren,gray,232,283037,0.000819680819115522,False
urban+barren,green,8666,283037,0.030617905079547904,True
urban+barren,grey,783,283037,0.002766422764514887,False
urban+barren,indigo,829,283037,0.0029289456855464127,False
urban+barren,ivory,2062,283037,0.007285266590587096,True
urban+barren,lavender,521,283037,0.0018407487360309783,False
urban+barren,lemon,3137,283037,0.011083356592954278,True
urban+barren,lilac,1739,283037,0.0061440730363874685,True
urban+barren,maroon,9,283037,3.179796281051594e-05,False
urban+barren,navy,25905,283037,0.09152513628960171,True
urban+barren,olive,2010,283037,0.007101545027681893,True
urban+barren,orange,48571,283037,0.17160653907439663,True
urban+barren,plum,46,283037,0.0001625229210315259,False
urban+barren,purple,17303,283037,0.061133350056706365,True
urban+barren,red,40311,283037,0.1424230754283009,True
urban+barren,sage,334,283037,0.001180057730968036,False
urban+barren,scarlet,14,283037,4.9463497705247015e-05,False
urban+barren,sienna,261,283037,0.0009221409215049623,False
urban+barren,terracotta,2745,283037,0.009698378657207362,True
urban+barren,yellow,64,283037,0.0002261188466525578,False
urban+crop,alabaster,46071,562410,0.08191710673707793,True
urban+crop,amber,25835,562410,0.04593623868707882,True
urban+crop,aqua,2487,562410,0.004422040859870913,True
urban+crop,aquamarine,5202,562410,0.009249479916786686,True
urban+crop,auburn,174,562410,0.00030938283458686725,False
urban+crop,azure,16062,562410,0.02855923614444978,True
urban+crop,bar,670,562410,0.001191301719386213,False
urban+crop,beige,2975,562410,0.005289735246528334,True
urban+crop,blue,4255,562410,0.007565654949236322,True
urban+crop,brown,81618,562410,0.14512188616845362,True
urban+crop,cocoa,44736,562410,0.07954339360964421,True
urban+crop,coffee,33534,562410,0.059625540086413825,True
urban+crop,crimson,3946,562410,0.007016233708504471,True
urban+crop,emerald,236,562410,0.00041962269518678545,False
urban+crop,foo,18918,562410,0.03363738198111698,True
urban+crop,gold,2231,562410,0.003966856919329315,True
urban+crop,gray,9225,562410,0.016402624419907186,True
urban+crop,green,11671,562410,0.020751764726800733,True
urban+crop,grey,5684,562410,0.010106505929837663,True
urban+crop,indigo,5561,562410,0.009887804270905567,True
urban+crop,ivory,570,562410,0.0010134954926121513,False
urban+crop,lavender,46846,562410,0.08329510499457692,True
urban+crop,lemon,382,562410,0.0006792197862769154,False
urban+crop,lilac,6413,562410,0.011402713323020572,True
urban+crop,maroon,111,562410,0.0001973649117192084,False
urban+crop,navy,10789,562410,0.01918351380665351,True
urban+crop,olive,17983,562410,0.0319748937607795,True
urban+crop,orange,29597,562410,0.05262530893831902,True
urban+crop,plum,521,562410,0.0009263704414928611,False
urban+crop,purple,21019,562410,0.03737309080564001,True
urban+crop,red,31281,562410,0.055619565797194216,True
urban+crop,sage,21834,562410,0.038822211553848615,True
urban+crop,scarlet,1153,562410,0.0020501057947049308,True
urban+crop,sienna,9314,562410,0.0165608719617361,True
urban+crop,tan,114,562410,0.00020269909852243026,False
urban+crop,terracotta,37860,562410,0.06731743745665973,True
urban+crop,verde,1859,562410,0.0033054177557298057,True
urban+crop,yellow,3673,562410,0.0065308227094112836,True
urban+forest,alabaster,67961,1188645,0.0571751868724472,True
urban+forest,amber,38332,1188645,0.03224848461904101,True
urban+forest,aqua,1435,1188645,0.0012072570027215864,True
urban+forest,aquamarine,321,1188645,0.0002700553992150726,False
urban+forest,auburn,78,1188645,6.562093812702699e-05,False
urban+forest,azure,5504,1188645,0.004630482608348161,True
urban+forest,bar,1804,1188645,0.0015176945177071371,True
urban+forest,beige,5005,1188645,0.004210676863150899,True
urban+forest,blue,7276,1188645,0.006121255715541646,True
urban+forest,brown,212844,1188645,0.17906439685524272,True
urban+forest,cocoa,198622,1188645,0.16709951247008148,True
urban+forest,coffee,53064,1188645,0.04464242898426359,True
urban+forest,crimson,3782,1188645,0.0031817742050822577,True
urban+forest,emerald,381,1188645,0.0003205330439281703,False
urban+forest,foo,13754,1188645,0.011571158756399092,True
urban+forest,gold,939,1188645,0.0007899751397599788,False
urban+forest,gray,4287,1188645,0.0036066277147508295,True
urban+forest,green,86748,1188645,0.07298057872619663,True
urban+forest,grey,4843,1188645,0.004074387222425535,True
urban+forest,indigo,19980,1188645,0.01680905568946153,True
urban+forest,ivory,12204,1188645,0.01026715293464407,True
urban+forest,lavender,56993,1188645,0.04794787341889294,True
urban+forest,lemon,17147,1188645,0.014425669564924767,True
urban+forest,lilac,13099,1188645,0.011020111134947776,True
urban+forest,maroon,38,1188645,3.196917498496187e-05,False
urban+forest,navy,13931,1188645,0.011720067808302731,True
urban+forest,olive,90502,1188645,0.07613879669707944,True
urban+forest,orange,48427,1188645,0.040741348342019694,True
urban+forest,plum,797,1188645,0.0006705113806056476,False
urban+forest,purple,13050,1188645,0.010978887725098746,True
urban+forest,red,29640,1188645,0.024935956488270256,True
urban+forest,sage,55371,1188645,0.0465832944234822,True
urban+forest,scarlet,270,1188645,0.00022714940120893958,False
urban+forest,sienna,2121,1188645,0.0017843847406080033,True
urban+forest,tan,890,1188645,0.000748751729910949,False
urban+forest,terracotta,94660,1188645,0.07963689747569712,True
urban+forest,verde,12255,1188645,0.010310058932650202,True
urban+forest,yellow,290,1188645,0.00024397528277997216,False
urban+grass,alabaster,98428,1042351,0.09442884402662827,True
urban+grass,amber,72259,1042351,0.0693230974978678,True
urban+grass,aqua,3146,1042351,0.0030181771783209304,True
urban+grass,aquamarine,690,1042351,0.0006619651153977883,False
urban+grass,auburn,56,1042351,5.372470501779151e-05,False
urban+grass,azure,22192,1042351,0.02129033310276481,True
urban+grass,bar,589,1042351,0.0005650687724192714,False
urban+grass,beige,2413,1042351,0.0023149591644273377,True
urban+grass,blue,13970,1042351,0.013402395162474061,True
urban+grass,brown,155683,1042351,0.14935755805865777,True
urban+grass,cocoa,125805,1042351,0.12069350919220109,True
urban+grass,coffee,8809,1042351,0.008451087973245097,True
urban+grass,crimson,581,1042351,0.000557393814559587,False
urban+grass,emerald,107,1042351,0.00010265256137328021,False
urban+grass,foo,21144,1042351,0.020284913623146137,True
urban+grass,gold,964,1042351,0.0009248324220919825,False
urban+grass,gray,4669,1042351,0.004479297280858367,True
urban+grass,green,19531,1042351,0.01873745024468725,True
urban+grass,grey,2148,1042351,0.0020607261853252887,True
urban+grass,indigo,12838,1042351,0.012316388625328705,True
urban+grass,ivory,13430,1042351,0.012884335506945357,True
urban+grass,lavender,69880,1042351,0.06704075690434412,True
urban+grass,lemon,17021,1042351,0.016329432216211238,True
urban+grass,lilac,14183,1042351,0.01360674091548816,True
urban+grass,maroon,140,1042351,0.00013431176254447878,False
urban+grass,navy,34513,1042351,0.0331107275764114,True
urban+grass,olive,22276,1042351,0.021370920160291493,True
urban+grass,orange,63115,1042351,0.06055062066424841,True
urban+grass,plum,230,1042351,0.0002206550384659294,False
urban+grass,purple,35357,1042351,0.03392043563060811,True
urban+grass,red,69955,1042351,0.06711270963427866,True
urban+grass,sage,45822,1042351,0.043960239880807904,True
urban+grass,scarlet,152,1042351,0.00014582419933400554,False
urban+grass,sienna,5641,1042351,0.005411804660810034,True
urban+grass,tan,1016,1042351,0.0009747196481799317,True
urban+grass,terracotta,79807,1042351,0.07656442023848013,True
urban+grass,verde,1124,1042351,0.0010783315792856725,True
urban+grass,yellow,2667,1042351,0.002558639076472321,True
urban+other,alabaster,27,449,0.060133630289532294,False
urban+other,amber,31,449,0.06904231625835189,False
urban+other,aqua,4,449,0.008908685968819599,False
urban+other,azure,6,449,0.013363028953229399,False
urban+other,brown,4,449,0.008908685968819599,False
urban+other,cocoa,110,449,0.24498886414253898,False
urban+other,foo,20,449,0.044543429844097995,False
urban+other,green,4,449,0.008908685968819599,False
urban+other,grey,5,449,0.011135857461024499,False
urban+other,ivory,24,449,0.053452115812917596,False
urban+other,lavender,2,449,0.004454342984409799,False
urban+other,lemon,19,449,0.042316258351893093,False
urban+other,lilac,19,449,0.042316258351893093,False
urban+other,maroon,1,449,0.0022271714922048997,False
urban+other,navy,17,449,0.0378619153674833,False
urban+other,olive,25,449,0.0556792873051225,False
urban+other,orange,40,449,0.08908685968819599,False
urban+other,purple,18,449,0.0400890868596882,False
urban+other,red,33,449,0.07349665924276169,False
urban+other,sage,1,449,0.0022271714922048997,False
urban+other,sienna,3,449,0.0066815144766146995,False
urban+other,terracotta,34,449,0.0757238307349666,False
urban+other,yellow,2,449,0.004454342984409799,False
urban+shrub,alabaster,18210,287005,0.06344837197958224,True
urban+shrub,amber,18581,287005,0.06474103238619536,True
urban+shrub,aqua,317,287005,0.0011045103743837215,False
urban+shrub,aquamarine,95,287005,0.00033100468632950644,False
urban+shrub,auburn,40,287005,0.00013937039424400272,False
urban+shrub,azure,2637,287005,0.00918799324053588,True
urban+shrub,bar,40,287005,0.00013937039424400272,False
urban+shrub,beige,1914,287005,0.00666887336457553,True
urban+shrub,blue,1107,287005,0.003857075660702775,True
urban+shrub,brown,9261,287005,0.032267730527342726,True
urban+shrub,cocoa,64296,287005,0.22402397170780997,True
urban+shrub,coffee,2165,287005,0.007543422588456647,True
urban+shrub,crimson,114,287005,0.00039720562359540776,False
urban+shrub,emerald,4,287005,1.3937039424400272e-05,False
urban+shrub,foo,7839,287005,0.027313113011968433,True
urban+shrub,gold,94,287005,0.0003275204264734064,False
urban+shrub,gray,521,287005,0.0018152993850281355,False
urban+shrub,green,5059,287005,0.017626870612010244,True
urban+shrub,grey,711,287005,0.0024773087576871484,False
urban+shrub,indigo,934,287005,0.0032542987055974634,False
urban+shrub,ivory,9640,287005,0.03358826501280465,True
urban+shrub,lavender,4882,287005,0.01701015661748053,True
urban+shrub,lemon,12479,287005,0.043480078744272746,True
urban+shrub,lilac,11974,287005,0.04172052751694221,True
urban+shrub,maroon,36,287005,0.00012543335481960245,False
urban+shrub,navy,12564,287005,0.043776240832041256,True
urban+shrub,olive,13492,287005,0.047009633978502115,True
urban+shrub,orange,26409,287005,0.09201581853974669,True
urban+shrub,plum,50,287005,0.0001742129928050034,False
urban+shrub,purple,13825,287005,0.04816989251058344,True
urban+shrub,red,19220,287005,0.06696747443424331,True
urban+shrub,sage,2723,287005,0.009487639588160485,True
urban+shrub,scarlet,70,287005,0.00024389818992700475,False
urban+shrub,sienna,867,287005,0.0030208532952387588,False
urban+shrub,tan,110,287005,0.0003832685841710075,False
urban+shrub,terracotta,24359,287005,0.08487308583474155,True
urban+shrub,verde,198,287005,0.0006898834515078134,False
urban+shrub,yellow,168,287005,0.0005853556558248114,False
