fips,lc_type,n_county,n_pool,num_neighbors,kl_div,l1_distance,top_color,top_contrib
6001,forest,10026,64337,6,0.9033921949527495,0.3019561987744455,cocoa,0.38694653286509345
6001,grass,34,330,6,0.38551097794621003,0.20969202898550723,cocoa,0.19154632623483908
6001,shrub,2586,11683,6,0.7996259565282077,0.26130568296740686,cocoa,0.2995780064714087
6001,urban,277359,1118178,6,0.4246330781387927,0.17234579518633555,cocoa,0.17726068678113052
6001,urban+barren,590,2108,6,0.6217218448604301,0.2165619935771484,cocoa,0.27565819998824953
6001,urban+crop,98,121143,6,2.725275207691581,0.30963223704745013,cocoa,0.78437803914944
6001,urban+forest,29114,300099,6,1.0273611091645332,0.31125575167042174,cocoa,0.5249792588707829
6001,urban+grass,68720,211582,6,0.5789416932996848,0.2184362610268857,cocoa,0.19423104312285425
6001,urban+other,32,37,6,0.038438885542730075,0.01857142857142857,cocoa,0.006899287148695143
6001,urban+shrub,4744,18338,6,0.5457674114450055,0.21060414070905498,cocoa,0.1724543015165737
6003,forest,422,64817,5,2.6100210902499166,0.3937827025505056,tan,1.6728932317494314
6003,shrub,20,3695,5,0.6595568706866282,0.177272601309846,tan,0.4798176291350303
6003,urban+forest,16,34791,5,0.8515672756820956,0.16309179345011554,tan,0.6479272481356447
6003,urban+shrub,9,1902,5,0.34621279291368934,0.08649374862908532,tan,0.20516342352332556
6005,crop,27,4834,5,1.1956709921244175,0.26626089427813565,coffee,0.73054766052977
6005,forest,4771,57405,5,2.135585431404527,0.3988336995013748,coffee,1.2304969007685627
6005,grass,20,211,5,0.46648677988150833,0.227219221714444,bar,0.12560430051019728
6005,shrub,866,8205,5,1.6985578363313452,0.3678153708322106,coffee,0.8973191709391878
6005,urban+forest,2285,101155,5,2.953458731407306,0.4071265850916857,coffee,1.4434952615383199
6005,urban+grass,1884,34034,5,1.9172856468287507,0.35667193045809337,coffee,0.761410404596806
6005,urban+shrub,424,8410,5,1.9672813912962466,0.35453023538961037,coffee,0.7422557869133937
6007,crop,312,2102,6,0.9850054947526427,0.265954606141522,brown,0.6311331723741641
6007,forest,14031,25571,6,0.4358951818017464,0.17261120497807253,brown,0.2584652224660057
6007,grass,47,238,6,0.6503545370231467,0.19944586530264277,brown,0.2216940440897569
6007,shrub,1480,6129,6,1.1138279445335804,0.33648320045941327,brown,0.5189869401674477
6007,urban+crop,2438,43711,6,1.7635653572036574,0.41934180743425065,brown,0.6066091120766839
6007,urban+forest,26569,35117,6,0.2141304317975956,0.10627147624833037,brown,0.10156528022363985
6007,urban+grass,7860,17136,6,0.648187625830422,0.2554354440450317,brown,0.1850008153829775
6007,urban+shrub,521,2654,6,1.0991361098261945,0.3137664238039165,brown,0.41617129196101765
6009,forest,8640,35256,5,0.6503214394406832,0.2225418687940145,gray,0.16406729415519505
6009,grass,15,199,5,0.45439836685112267,0.13271236366531328,gray,0.14129888939462354
6009,shrub,1981,5206,5,0.7811931846655813,0.2691154569348625,cocoa,0.3362226058031382
6009,urban+forest,2935,62259,5,2.2598496704121103,0.46395392672669583,cocoa,0.6441643410284603
6009,urban+grass,1580,18458,5,2.333020864167444,0.49562966342102893,cocoa,0.4788403265052325
6009,urban+shrub,1065,3754,5,1.1422831211757751,0.37353152698241465,cocoa,0.34745548084156663
6011,crop,338,2261,5,1.141792687441313,0.41708640667080044,ivory,0.474161909797432
6011,forest,354,24952,5,2.8410411943452476,0.4495798319327731,beige,2.0537595121205587
6011,grass,4,230,5,0.26475962317535545,0.06023454157782516,beige,0.13237981158767773
6011,shrub,125,3905,5,2.0448885842870728,0.3450737425491163,beige,1.255526299400222
6011,urban+crop,3544,61149,5,1.7882875578497566,0.4378347926768729,beige,0.5990563443333952
6011,urban+forest,794,44469,5,2.5432617567538016,0.4749913340122815,beige,1.486884567545967
6011,urban+grass,6,14866,5,0.7739935762547818,0.09541062801932369,aquamarine,0.264781603561962
6011,urban+shrub,97,2151,5,1.4061898670666733,0.3052535404294198,beige,0.7606994156369478
6013,crop,916,6435,7,0.3658168045879846,0.16281272863476443,blue,0.1485221333807071
6013,forest,20558,91459,7,0.5957447458618024,0.25735590522997853,brown,0.2356507498268627
6013,grass,125,921,7,0.4085069564823296,0.17318653761267172,blue,0.17395247843697434
6013,other,4,4,7,0.0,0.0,brown,0.0
6013,shrub,5133,26113,7,0.5404802354103783,0.21464112137931574,blue,0.25483035142360405
6013,urban,103657,929191,7,1.3155399867058133,0.4090974700174811,brown,0.5920795227438762
6013,urban+barren,182,2117,7,0.8719023173882525,0.26532377135625396,brown,0.35293552821429824
6013,urban+crop,10754,139931,7,0.4748926541750587,0.1648983708698052,blue,0.2538395426525043
6013,urban+forest,51633,251299,7,0.7087560011585249,0.26667671425014416,brown,0.2981142666276717
6013,urban+grass,92138,359044,7,0.4139282959847557,0.21988602950556957,blue,0.16400650237862563
6013,urban+other,5,37,7,0.0905585112767264,0.03472868217054263,brown,0.06468465091194743
6013,urban+shrub,5612,23472,7,0.5309666271594521,0.21031630298536116,brown,0.1925674213545397
6015,forest,3765,21049,2,1.0614121003063142,0.27295620546315885,verde,0.5792128133525274
6015,urban+forest,3056,31343,2,1.3989792526779325,0.28791321260912267,verde,0.4769754421924762
6017,forest,34904,72577,4,0.3078205857726553,0.1323410688107645,brown,0.10494734791517389
6017,shrub,148,6872,4,1.0185170371823515,0.2480704293294742,brown,0.41864590139978053
6017,urban+forest,22667,105895,4,0.7148085579996855,0.2617383751301937,brown,0.2559330177112348
6017,urban+grass,1305,44069,4,0.961777264279179,0.24847528182370965,foo,0.27819303523807304
6017,urban+shrub,145,9209,4,0.9681995655168315,0.2214187321718874,indigo,0.4019356563968562
6019,barren,501,946,8,0.48779055280854977,0.20297298520295037,cocoa,0.3171939670952886
6019,crop,2760,13812,8,0.8505227283604052,0.2913596096231707,cocoa,0.41267587890311747
6019,forest,3418,33275,8,1.5561043005905202,0.37967900436627455,cocoa,1.2618591195291537
6019,grass,375,1154,8,0.7522828333929061,0.2454641110226368,cocoa,0.31127166695063296
6019,shrub,2643,10519,8,1.027317374700835,0.3232336160457801,cocoa,0.7090324750217072
6019,urban,175853,182465,8,0.02402996886258964,0.015042824196393361,cocoa,0.008697934230991933
6019,urban+barren,12114,16052,8,0.21937165128587105,0.104952837908555,cocoa,0.06849545491473417
6019,urban+crop,28180,233155,8,1.1241726743284495,0.33743655467425115,cocoa,0.26819195146457925
6019,urban+forest,2510,60220,8,1.9363417211006708,0.37505582353806427,cocoa,1.2347258167277348
6019,urban+grass,10590,49657,8,0.9558064055253125,0.296131264280042,cocoa,0.3708008805765221
6019,urban+shrub,2572,8383,8,0.7765675807225554,0.26371844062531136,cocoa,0.2252785306592974
6021,crop,243,1004,5,0.7760556991785134,0.2543015416561362,coffee,0.339643736406129
6021,forest,475,35713,5,2.144635201112816,0.32613924347758805,green,1.5801462297199529
6021,grass,35,380,5,0.6406614622994945,0.19330471259094184,green,0.16733087588540488
6021,shrub,547,5341,5,1.4007504925837613,0.3667634342480968,coffee,0.5961888347943222
6021,urban+crop,2214,8235,5,0.8891703417516309,0.2705866942024377,coffee,0.35583658932638246
6021,urban+forest,995,53949,5,1.8949002389545897,0.31929506495692705,green,0.8349159602142551
6021,urban+grass,2177,19661,5,1.374145144715241,0.3235158320076061,coffee,0.3733115840154484
6021,urban+shrub,184,1921,5,1.1830580354569986,0.29481740546059076,coffee,0.3835877422054683
6023,forest,12752,31850,4,0.23242788168629802,0.10195772184663522,coffee,0.09737302932543053
6023,shrub,176,1575,4,1.2644505670056456,0.3177700459467759,coffee,0.8872348408024093
6023,urban,61,61,4,0.0,0.0,bar,0.0
6023,urban+barren,16,16,4,0.0,0.0,bar,0.0
6023,urban+forest,22891,42342,4,0.16329058085540424,0.08529715352711494,coffee,0.07986238459073666
6023,urban+grass,49,1370,4,1.410759084211371,0.25925744514106586,coffee,0.576003603737256
6023,urban+shrub,213,590,4,0.6466078308382703,0.2486518892582536,coffee,0.3324897915841185
6025,barren,1823,9375,2,0.8702189773001582,0.28017744789481064,gray,0.17943117323504768
6025,crop,2391,4154,2,0.3442209750680723,0.1697327183617799,gray,0.1669221221366975
6025,forest,48,30438,2,1.0444170033638338,0.26919390629912365,aquamarine,0.3412992715894995
6025,shrub,21,32984,2,0.8619667502993227,0.23117716078341197,gray,0.4289757180397328
6025,urban,3166,890951,2,2.0631148495740463,0.4023130080523839,gray,0.5726297906111388
6025,urban+barren,1694,158557,2,2.400133032252253,0.38778466902673864,gray,0.4903062764837892
6025,urban+crop,26927,31879,2,0.09700890182048001,0.061624569628642475,gray,0.01952035037559241
6025,urban+forest,48,146336,2,0.8881894830828321,0.22686318672047803,aquamarine,0.34602664990025367
6025,urban+shrub,65,131178,2,1.66701788508459,0.23268063597501132,gray,0.5553297950327423
6027,barren,351,13624,5,2.6694808182849923,0.39490044064203,beige,1.2861721331030629
6027,crop,2,8392,5,0.4945207488773801,0.049644128113879006,beige,0.24726037443869006
6027,forest,259,46896,5,2.0589060905650878,0.36417365369724,olive,0.6518938744632037
6027,grass,255,6800,5,2.402075192063087,0.4111352739708934,beige,0.9779799268816725
6027,shrub,481,24420,5,2.842639230395279,0.4164944552818397,beige,1.3304065110809686
6027,urban+barren,3191,106656,5,2.788606397056666,0.41096850619470693,beige,1.0489391257997946
6027,urban+crop,23,113719,5,2.7490720872459917,0.2135514053035396,beige,0.8642069190894438
6027,urban+forest,272,56428,5,2.051032965387293,0.41282324618982813,beige,0.9687854255668117
6027,urban+grass,1498,98907,5,3.2501791514289167,0.40710993165394915,beige,1.1022293607780835
6027,urban+shrub,396,38424,5,3.124238038312186,0.38560718377370257,beige,1.1826694801629813
6029,barren,1087,13441,8,0.08346830550490589,0.11357054183050176,alabaster,0.08593310911169698
6029,crop,1819,8528,8,0.7232947541728527,0.2344378239048795,cocoa,0.3024767256678558
6029,forest,3869,77442,8,0.4777036717984524,0.19268259523598413,cocoa,0.23190912838371716
6029,grass,1389,10583,8,0.37815486039818674,0.1474833643625067,grey,0.06504809697702062
6029,shrub,7233,44279,8,0.5506888585134989,0.21359334623569326,cocoa,0.16119130338677326
6029,urban,135535,2443019,8,1.119497615956277,0.32934570821900067,red,0.27766528542752195
6029,urban+barren,13965,103529,8,0.09563178713458072,0.06592661860967253,purple,0.036653611566609734
6029,urban+crop,21169,145946,8,1.1187349162580464,0.3262885053479132,orange,0.3339229315748013
6029,urban+forest,12684,250124,8,1.1118613187125077,0.3210003967107039,orange,0.2960971004034865
6029,urban+grass,34108,385850,8,1.079632760002785,0.32306625679043033,orange,0.32764476163693096
6029,urban+shrub,4588,99607,8,0.7305123287684474,0.2650192717220061,orange,0.1771378239367321
6031,barren,7,1595,5,0.3590268724404413,0.2692726406749677,foo,0.15962273792000647
6031,crop,1609,11813,5,1.1997174627125176,0.3454195760074354,grey,0.4736260545814171
6031,forest,251,32783,5,2.531848753820666,0.37966962244296915,olive,1.3682977376549226
6031,grass,10,2465,5,0.041742822565942375,0.10193601012118791,grey,0.1221149119972002
6031,shrub,131,20794,5,2.146370506339657,0.2970432947945355,aquamarine,0.5412579276427173
6031,urban+barren,254,26612,5,2.5391589197928752,0.32519571307409595,foo,0.5905273675793176
6031,urban+crop,29582,189215,5,1.4058687222406865,0.4189427597202382,cocoa,0.24002923769706588
6031,urban+forest,232,67825,5,2.4619191542425116,0.38992283473075656,olive,0.7236387744782379
6031,urban+grass,1827,122093,5,2.4141039173043963,0.4604996616936375,foo,0.4083610862278636
6031,urban+shrub,181,14266,5,1.9274641581874876,0.33691792314057184,grey,0.3913021322959901
6033,crop,14,1633,6,0.3094811205736545,0.14229158035262163,lavender,0.11559211968580037
6033,forest,8813,47241,6,0.826321492184383,0.36595765845771105,coffee,0.4072925739451666
6033,grass,142,277,6,0.3479188488891245,0.1484126984126984,coffee,0.1270438766338062
6033,shrub,872,11160,6,1.7623998096962126,0.4411639441108989,coffee,0.9240732729291763
6033,urban+crop,4,37423,6,0.20219162023450948,0.04863248254375026,coffee,0.20219162023450948
6033,urban+forest,13667,78278,6,0.9449963083499255,0.3544147757020041,coffee,0.4719146128991777
6033,urban+grass,3016,94668,6,2.3605298385354962,0.48953222084003367,coffee,0.9145386520994475
6033,urban+shrub,333,4453,6,1.4864257712970768,0.33241385436341386,coffee,0.6208055614226552
6035,crop,44,188,4,0.3125998369194442,0.11293977984027628,coffee,0.21498426417229702
6035,forest,1173,22827,4,0.7725092322097875,0.31816165794164325,coffee,0.5715197545302376
6035,grass,253,321,4,0.10222083837373112,0.06901090275584146,coffee,0.059175010130503386
6035,shrub,1234,3679,4,0.7548642986674399,0.2804040334820635,coffee,0.5280993364460047
6035,urban+crop,14,177,4,0.3090829530468477,0.1445438282647585,coffee,0.13558942087377207
6035,urban+forest,2124,37153,4,1.136877975426997,0.3328331837318226,coffee,0.6787386315237217
6035,urban+grass,1972,6489,4,0.7542401454666053,0.2782649873049339,coffee,0.3338855208273381
6035,urban+shrub,577,1282,4,0.46654674722120254,0.1909737620103474,coffee,0.24282644363855574
6037,barren,44,13181,4,1.4639244997662997,0.2627749414645216,olive,0.422489253583346
6037,crop,2,2200,4,0.11310097440745807,0.145218945487042,ivory,0.20122292173789674
6037,forest,13613,62382,4,0.8743345570250386,0.26825494496848723,olive,0.4506813025330721
6037,grass,2109,9611,4,0.9435542629028018,0.2770968010228416,ivory,0.4451652715389191
6037,shrub,9426,33665,4,0.6951419790409292,0.2370836564511403,ivory,0.19164105947358911
6037,urban,1891556,3135600,4,0.3457462921927443,0.16142806032854595,terracotta,0.07487160937919964
6037,urban+barren,7664,105242,4,1.7941820702415594,0.4027851598665013,terracotta,0.38607150352922626
6037,urban+crop,47,28636,4,1.7814247025453698,0.20846001091376076,foo,0.3424173418421116
6037,urban+forest,120743,221532,4,0.38575387123239335,0.17647498449819385,olive,0.14494427601208634
6037,urban+grass,107483,301842,4,0.7619706223811258,0.3426256272379488,cocoa,0.14893501017778416
6037,urban+other,125,301,4,0.437849947866195,0.15723799699585572,terracotta,0.094338945018696
6037,urban+shrub,54292,101453,4,0.4402785575752298,0.19454193351689172,terracotta,0.10988086198336872
6039,crop,496,6650,5,0.49031379256311736,0.2256431105854524,gray,0.23086517921797675
6039,forest,6445,29232,5,0.8802964254432321,0.261830523508937,coffee,0.5994906874018681
6039,grass,12,688,5,0.06732399443428932,0.05234159779614325,gray,0.07405666522975757
6039,shrub,1463,6460,5,0.6783175116702124,0.25873296944337304,coffee,0.402587446024508
6039,urban+crop,15153,94411,5,0.3856647851851271,0.15674292190416209,scarlet,0.13881705057913776
6039,urban+forest,6584,21619,5,0.4863290694476141,0.18730099297932246,coffee,0.216020517343173
6039,urban+grass,2236,16997,5,0.938901914327569,0.2795457203197204,coffee,0.27107629170722386
6039,urban+shrub,1395,4996,5,0.6904904015487049,0.23573052856763818,coffee,0.3226904257338291
6041,forest,26207,72765,4,0.8934460999771064,0.3725931191921226,coffee,0.4156077394532891
6041,grass,141,711,4,1.1326886222232635,0.3058081165949385,coffee,0.3598373910359827
6041,shrub,694,18337,4,2.7334152910737597,0.4199952046392328,coffee,1.338499462126225
6041,urban,1495,294543,4,1.1201719870035498,0.21612080273941903,crimson,0.42533111452763456
6041,urban+barren,246,829,4,0.2560941951059825,0.13878803385480123,crimson,0.07859610835347436
6041,urban+forest,44256,148933,4,0.9282467151236683,0.3658350043281226,coffee,0.4683510540862382
6041,urban+grass,2873,261059,4,3.606285608069312,0.42368966901767574,coffee,1.2619563645748504
6041,urban+shrub,331,11961,4,2.056542103947056,0.42485947903066,coffee,0.636599518580015
6043,forest,1930,27739,4,1.837096440907077,0.4922736129294547,tan,1.6625647913104125
6043,grass,2,279,4,0.20700223197633447,0.04369085173501577,ivory,0.10350111598816723
6043,shrub,357,4259,4,1.6554241834704946,0.5830835761187523,tan,1.2568395360145967
6043,urban+forest,531,51204,4,2.652731707932494,0.4788523206571609,tan,1.550237492466179
6043,urban+shrub,39,3399,4,1.335175780288944,0.2935038484936652,tan,0.8386406562978513
6045,forest,8591,59742,6,0.5293234495472187,0.2723736958254745,coffee,0.3040095347361667
6045,urban+forest,9994,94719,6,0.521096617566836,0.24252190051682437,coffee,0.22934479448550832
6047,crop,3390,9343,6,0.690006560695985,0.26218468721441845,coffee,0.27577049789821834
6047,forest,1359,29037,6,1.0113874164958971,0.3334696078256379,coffee,0.5898953695104009
6047,grass,199,696,6,0.7433052198235446,0.2675875786109291,coffee,0.310638433283206
6047,shrub,1317,8980,6,0.8653399050873765,0.29320935824128697,coffee,0.4441669909893473
6047,urban+crop,51078,123494,6,0.488834751090897,0.2109888992545688,coffee,0.2199651965081317
6047,urban+forest,5106,102541,6,1.6952550518926621,0.4261875613616889,coffee,0.928720185606521
6047,urban+grass,3828,64580,6,1.4920865392859846,0.4167699905418924,coffee,0.4692013492905825
6047,urban+shrub,731,10161,6,1.1238463058516304,0.3304254439387018,coffee,0.44458149765675753
6049,crop,73,220,3,0.4433534862908152,0.2115545778336476,beige,0.1747646470541758
6049,forest,252,21980,3,3.0126708396802986,0.398456435330341,beige,2.224587806347671
6049,grass,8,379,3,0.42813978493192145,0.09310812219789386,beige,0.23961356796844635
6049,shrub,997,4926,3,1.1829111803595347,0.4104518718346977,beige,0.8028401290157151
6049,urban+crop,158,474,3,0.593976533585671,0.25874920280612246,beige,0.2547495827656506
6049,urban+forest,29,39158,3,2.550247806275933,0.23722474727089118,beige,1.7117831714412743
6049,urban+grass,1223,7603,3,1.2638302023513002,0.393336181194547,beige,0.4529061273397297
6049,urban+shrub,267,1605,3,0.9774450646550411,0.34190754617203634,beige,0.5410780310168063
6051,barren,87,939,5,0.4653321007507153,0.20346366427840326,beige,0.1908108974860305
6051,crop,4,3262,5,0.37860000448008746,0.05867965367965368,beige,0.18850204862204947
6051,forest,2938,26624,5,1.3822936559659542,0.43581287259544615,beige,0.8327792813710478
6051,grass,81,742,5,0.27000457202364175,0.16235725059254474,ivory,0.10380443171929621
6051,shrub,305,5287,5,1.4098060412734326,0.43962413939418826,beige,0.9362200879725495
6051,urban+barren,214,15519,5,1.0553375581152662,0.27688423830032105,beige,0.4474890736388627
6051,urban+forest,3325,16270,5,0.8933541901221896,0.3520313798802141,beige,0.5427206548102507
6051,urban+grass,343,14667,5,1.3337786448361584,0.30410407301603454,beige,0.566498145636237
6051,urban+shrub,216,4631,5,1.3067683224055344,0.31389142324225966,beige,0.47054091799090886
6053,crop,1432,6549,5,0.8673506997381004,0.2824687154351645,brown,0.34718241140536527
6053,forest,14768,42992,5,0.15757156859047716,0.07216948621962022,alabaster,0.039584187141642344
6053,grass,14,938,5,0.11267178979044473,0.12263556116015133,bar,0.20839040896288122
6053,shrub,1813,12265,5,0.7080800929265879,0.2382993250779777,indigo,0.26391188742978366
6053,urban,5444,181318,5,2.338286267327686,0.3852392412120878,brown,0.7490562116739107
6053,urban+barren,155,12552,5,2.1814198002348975,0.3242605571491479,brown,0.8631028131725261
6053,urban+crop,44917,105474,5,0.5986656217357726,0.2280118133398645,brown,0.19007007443154209
6053,urban+forest,22925,88914,5,0.0769652046159683,0.06208126603342476,green,0.033173442341382225
6053,urban+grass,3686,81700,5,0.8625058782364554,0.26974364582506277,indigo,0.3213440743608269
6053,urban+shrub,1326,8970,5,0.6421103498158748,0.22797737950756056,terracotta,0.14972548139412767
6055,crop,159,1608,4,0.9129575987363907,0.2345587827127446,gray,0.6465684220809219
6055,forest,4853,40278,4,1.6781680232865994,0.3958228056014407,cocoa,0.8090748613972435
6055,grass,61,650,4,1.2164219903497586,0.28166108762038994,gray,0.37206778553713454
6055,shrub,945,14879,4,2.1707551818602444,0.43182026337528145,cocoa,0.7846172609125306
6055,urban+crop,2,37292,4,-0.07710368755065262,0.06733525314760247,cocoa,-0.07710368755065262
6055,urban+forest,7041,70827,4,1.869568208411404,0.44083357882989066,cocoa,0.6793134895003401
6055,urban+grass,25169,196040,4,1.774577613876562,0.4582007932164981,cocoa,0.4415509768096454
6055,urban+shrub,430,7006,4,1.5549935627735785,0.4288446977969976,cocoa,0.332806405954646
6057,forest,24267,54032,3,0.7044656665542108,0.32830012235466854,coffee,0.3245395438382855
6057,shrub,2,3166,3,-0.0767921938039354,0.06690074906367041,coffee,-0.0767921938039354
6057,urban+forest,7642,34229,3,1.1338909357584597,0.4107014819590763,coffee,0.5579230905770939
6059,barren,98,19292,4,-0.10100895809243202,0.14724749703295698,purple,0.05743567253510904
6059,forest,4599,81507,4,0.32274145244336194,0.14145173054464794,green,0.18732034942519585
6059,grass,152,9346,4,0.07465811307107313,0.11433907659173509,green,0.08014717927278056
6059,shrub,618,54933,4,0.3852342761613142,0.19598522513644667,purple,0.16949644133528766
6059,urban,693749,3816225,4,0.7328809078788726,0.2726158461184417,orange,0.22411093717117728
6059,urban+barren,5282,246857,4,0.05335298444558862,0.07298778460052803,cocoa,0.0310160825371939
6059,urban+crop,206,6149,4,-0.0686297583564951,0.07155935104542313,red,0.01415009802781312
6059,urban+forest,51861,337561,4,0.7727093769242617,0.25040120469657906,green,0.23672920342370699
6059,urban+grass,19190,288904,4,0.3762561016351649,0.17756587004387595,red,0.09172152449865671
6059,urban+other,176,383,4,0.4071837657498678,0.1953293227073945,orange,0.11066817127625488
6059,urban+shrub,8987,223890,4,0.4645480332262562,0.2008858555742739,orange,0.1175006966372334
6061,crop,111,2866,5,1.4034083704087588,0.29270781333777063,brown,0.7773558706709388
6061,forest,27230,94148,5,0.6121165459960187,0.25983301424410343,sage,0.36902114021637156
6061,grass,53,131,5,0.23493409457167763,0.1327134404057481,brown,0.11564468728467912
6061,shrub,1865,7556,5,1.083789040000597,0.32722728525202643,brown,0.5721583281581064
6061,urban,46413,334106,5,1.4998436504283803,0.42747698414231255,brown,0.6670841357701965
6061,urban+barren,335,774,5,0.5278878918915383,0.26089719885365625,brown,0.23775629742368987
6061,urban+crop,241,77080,5,2.821624622735341,0.3399162489992295,brown,1.531408230205299
6061,urban+forest,25715,112838,5,0.9034755450922718,0.2784142948595744,brown,0.39895334917335806
6061,urban+grass,24095,42653,5,0.384788925082259,0.1814533648731841,brown,0.15858080211381326
6061,urban+shrub,2886,9832,5,0.8079529334379699,0.3062990559905308,brown,0.3573731166502266
6063,forest,4765,41976,6,1.1199283597932395,0.3255008237590038,coffee,0.7937437956960088
6063,shrub,92,7718,6,0.6493323666986096,0.220834490419328,coffee,0.44861751656119514
6063,urban+forest,3227,66331,6,1.6082734080803989,0.4345799138636401,coffee,0.9402904681282407
6063,urban+grass,23,20196,6,0.5037525940828959,0.18945064061950584,coffee,0.24748937109834726
6063,urban+shrub,10,3176,6,0.055041552544859686,0.04905621240406555,beige,0.09634266927275714
6065,barren,6844,21071,4,0.10635938300562142,0.14575356149848911,alabaster,0.06754980808232092
6065,crop,1750,4178,4,0.5372861695985304,0.19800541454945259,alabaster,0.2213186498469169
6065,forest,8792,67942,4,0.23736146140497213,0.1279567269968484,green,0.16368995440513148
6065,grass,2496,7237,4,0.01577168560936229,0.0533188227731715,red,0.03625443483113822
6065,shrub,20591,45528,4,0.19182223592972314,0.12654910495883698,orange,0.08034181157505031
6065,urban,275553,1927835,4,0.28275187899322646,0.17240661649105407,amber,0.078291139194069
6065,urban+barren,149319,240887,4,0.023496311606462733,0.021291352303317485,orange,0.011180925577670522
6065,urban+crop,4808,33029,4,1.0141560478138885,0.29844163803998236,orange,0.2900861425150417
6065,urban+forest,23639,216866,4,0.502357918300908,0.20256274020968348,orange,0.12852322469241834
6065,urban+grass,112771,181421,4,0.05310281262530821,0.0498090312523063,amber,0.02149374690956372
6065,urban+shrub,77685,169663,4,0.2749625706910856,0.16593881582574502,orange,0.08857419248182871
6067,crop,1643,7771,8,0.7995630538455516,0.23487934611362643,cocoa,0.4343856177586445
6067,forest,5250,99867,8,2.1719389475731736,0.4066434917256113,cocoa,1.2207882859218362
6067,grass,78,788,8,0.8201591083073178,0.31384111213158555,cocoa,0.3976929492195224
6067,shrub,3973,18474,8,1.1574859259471073,0.353259043518397,cocoa,0.6246813933913584
6067,urban,287693,515953,8,0.4468497656036407,0.17707004383499886,cocoa,0.12695988594318056
6067,urban+barren,439,1228,8,0.7137195422503864,0.2398581179766908,cocoa,0.263908509832638
6067,urban+crop,41359,192957,8,0.941022473194388,0.2875835480782754,orange,0.24867360884308523
6067,urban+forest,55212,182328,8,0.975180078620838,0.31572381283067424,cocoa,0.4520103688705573
6067,urban+grass,16785,254049,8,1.859812833209706,0.39207892571433783,cocoa,0.6869731589669638
6067,urban+shrub,5745,19684,8,0.8068784799081467,0.26146636851579863,cocoa,0.30616673726096555
6069,crop,336,8393,5,0.7949511739528315,0.23729811740095916,coffee,0.2723610960897055
6069,forest,330,47822,5,1.8096425732639165,0.3825293201184614,coffee,1.2471130763073248
6069,grass,35,649,5,0.4982965543929018,0.1364180175868876,azure,0.12284245759309359
6069,shrub,534,8228,5,1.219883599938075,0.3308349646965664,coffee,0.6274439132781504
6069,urban+crop,819,125339,5,1.6825305525419545,0.2976536976846559,lilac,0.6367403912837765
6069,urban+forest,298,135374,5,1.7509389893343927,0.3424364602279041,coffee,1.050563687073734
6069,urban+grass,9682,63516,5,1.2079777661423938,0.32329725662801123,coffee,0.49297930427684855
6069,urban+shrub,412,8896,5,1.3821480895389655,0.29712111036489813,coffee,0.6353476759616267
6071,barren,11598,20022,5,0.030255888560313405,0.07288641123724052,cocoa,0.06340436880419847
6071,crop,24,3597,5,-0.25935110219553686,0.1940520033722323,grey,-0.021591768324895684
6071,forest,32905,64037,5,0.13710749102130518,0.07152770396670806,orange,0.04690167438961997
6071,grass,4527,10928,5,0.1695076759929542,0.08752227086849546,alabaster,0.08615101820230901
6071,shrub,11926,50275,5,0.13586840028421893,0.10186327122803027,cocoa,0.05798645634674043
6071,urban,343135,3339528,5,0.5913703775640907,0.24627541006747317,orange,0.11320200023230569
6071,urban+barren,77048,256469,5,0.03312487904262602,0.035881031738153484,alabaster,0.017810643382055454
6071,urban+crop,944,27197,5,-0.00044868798734654623,0.06963393216692464,green,0.025950202604308838
6071,urban+forest,18669,227868,5,0.48655445568127714,0.19294229067423266,green,0.12850742822787414
6071,urban+grass,36401,311451,5,0.30569704246123436,0.15461497690364448,red,0.09539401401516324
6071,urban+shrub,29498,175446,5,0.2792319729117482,0.1298278898906878,green,0.07624732930701408
6073,barren,708,9473,3,1.1224927844611319,0.2582940509408747,ivory,0.3918413759138355
6073,crop,13,4154,3,0.33338807288109484,0.1633831013321359,ivory,0.30156245915037905
6073,forest,21598,35037,3,0.27352564302167637,0.11153293783084,olive,0.14987809506858177
6073,grass,62,2710,3,1.3766929656942613,0.2489155749636099,ivory,0.6958262781443711
6073,shrub,12372,33602,3,0.6019716916059368,0.21705309141394732,beige,0.1209352070920055
6073,urban,612232,1584700,3,0.6632387010802772,0.2511126288072027,terracotta,0.15619241156181501
6073,urban+barren,7544,163839,3,2.024158634714785,0.40559947733573953,terracotta,0.5160165625725646
6073,urban+crop,144,32085,3,1.7616961263192696,0.24995330448588238,terracotta,0.6059660960526296
6073,urban+forest,122649,198197,3,0.2853734984835734,0.1254686132839179,olive,0.11328609726333201
6073,urban+grass,13059,145020,3,1.7454671367766132,0.41456731569917027,terracotta,0.4066978913033227
6073,urban+other,82,258,3,0.48482810344828176,0.21126126126126127,terracotta,0.11285846394275179
6073,urban+shrub,53428,140165,3,0.7137511142859024,0.27979341534096996,terracotta,0.17942647886257504
6075,barren,112,193,4,0.2943953035945556,0.15190476190476193,coffee,0.10650632938496603
6075,forest,91,71571,4,0.8874118676142219,0.18964102104440772,grey,0.5123960916107491
6075,urban,189391,617137,4,0.8652941762985884,0.33135995604486407,coffee,0.3768322522116764
6075,urban+barren,401,1671,4,0.7012755985451843,0.2541576085869929,coffee,0.2821386803242427
6075,urban+forest,4475,238803,4,1.5915671977612504,0.3874302880377156,coffee,0.6966494861327341
6075,urban+shrub,589,12635,4,1.8813474584168486,0.37779316083584996,coffee,0.7590157409179488
6077,crop,3164,7638,6,0.21124054842047266,0.10072440394373108,brown,0.11305511506233998
6077,forest,3418,57526,6,0.7920515398656668,0.27647596588145373,brown,0.2966082808871362
6077,grass,98,417,6,0.20993522241693716,0.08256302521008402,azure,0.11543641861612998
6077,shrub,1217,16503,6,0.8246353182499324,0.278290019897437,brown,0.45455790367883564
6077,urban,69596,810412,6,0.9789192468730089,0.3196293564593028,brown,0.34134002343650277
6077,urban+barren,259,1646,6,0.679060290682594,0.30708910162591874,brown,0.2948324024079298
6077,urban+crop,82027,162169,6,0.242089321420273,0.142419385123362,brown,0.0970580511672503
6077,urban+forest,18040,194639,6,0.6076154079863845,0.23314155561589323,brown,0.30052697785130505
6077,urban+grass,12480,196101,6,0.6195872239014044,0.1981483321184096,azure,0.24949109608254164
6077,urban+shrub,1022,19803,6,0.8478147023960849,0.304902441390184,brown,0.3399971481854871
6079,crop,410,5794,4,0.9381887070704626,0.35030864197530864,brown,0.3733188939665097
6079,forest,6970,34530,4,0.7300752494716721,0.27701947270365923,sage,0.5121468643257667
6079,grass,504,2099,4,0.7144164028148363,0.22195131637792745,brown,0.3134253887319927
6079,shrub,7142,17965,4,0.5539552229113515,0.24284184607424605,brown,0.2936523045293357
6079,urban+crop,1964,120176,4,1.2633192819934973,0.3235911400892185,sage,0.4929698104296283
6079,urban+forest,10506,96822,4,0.7708094645367778,0.2658591201511999,sage,0.5125719309092175
6079,urban+grass,55915,123527,4,0.36794013217065336,0.18211055077138188,brown,0.1420239641398513
6079,urban+shrub,4445,11505,4,0.5112441223236707,0.2312157381677476,brown,0.21274124690745955
6081,barren,81,209,4,0.3609645646174628,0.15146463443677066,brown,0.10312398851444582
6081,crop,3,478,4,0.26801700147108787,0.05419266401966345,brown,0.16425750924332735
6081,forest,14689,52753,4,0.3225695041938655,0.15365261789690282,brown,0.1722200539843456
6081,shrub,81,4588,4,1.765378986598547,0.26542432796724397,brown,0.7914889459169934
6081,urban,45235,872839,4,1.912898514448042,0.4291391844156249,brown,0.6379426495101308
6081,urban+barren,252,1520,4,0.9934722579970572,0.301702005223319,brown,0.4065415103701898
6081,urban+forest,109325,247449,4,0.3073128393787645,0.13334805797679028,brown,0.1336100643479813
6081,urban+shrub,1359,10547,4,1.3668971358197475,0.36397983532429473,brown,0.45312199415726406
6083,crop,524,3108,3,0.6478955544084611,0.21260404105761593,brown,0.2360697056544709
6083,forest,8672,26907,3,0.47724841253812056,0.18435646964657137,green,0.1439736810311545
6083,grass,182,3509,3,0.5526222620082255,0.18013173744777916,indigo,0.2789548753207691
6083,shrub,1646,20483,3,0.728731899278333,0.26223334048279834,indigo,0.24057013423925017
6083,urban+crop,22544,51947,3,0.4407181860404246,0.18806129541789315,terracotta,0.1127190208895622
6083,urban+forest,50475,91240,3,0.22597377311953867,0.10131810643460251,green,0.05945710877461826
6083,urban+grass,27991,222674,3,0.6302418948797514,0.21579829744208767,indigo,0.1813092979853527
6083,urban+shrub,965,14086,3,0.7364469593917755,0.20605166234516503,indigo,0.2459019906575472
6085,crop,473,6092,6,1.4710464360864415,0.33181970546827866,cocoa,0.8897812530077478
6085,forest,10692,59214,6,0.6829978344335365,0.271223739644826,cocoa,0.45399558175298416
6085,grass,26,341,6,0.3107357632112507,0.10630359498680739,cocoa,0.17893118694549576
6085,shrub,1919,7186,6,0.3657151636883293,0.14890777406374367,cocoa,0.21128424792584163
6085,urban,360833,755555,6,0.1208263357460248,0.06977694537357483,red,0.039867601566478963
6085,urban+barren,248,1295,6,0.21471105605491106,0.08783489578688378,purple,0.0760753594571149
6085,urban+crop,333,80271,6,2.2766837952598378,0.35457095150573903,cocoa,0.9260411743135605
6085,urban+forest,52092,283798,6,0.8398074919937017,0.2868692070371949,cocoa,0.4357028701839085
6085,urban+grass,35730,120474,6,0.11073872627599725,0.07312327074206787,amber,0.03834137768536517
6085,urban+shrub,3821,12292,6,0.275031184522187,0.137654133005979,cocoa,0.12039821234506388
6087,barren,16,97,4,-0.21877438523459714,0.15185185185185185,green,-0.003585473396531738
6087,crop,2,2246,4,-0.03135456698201818,0.08318739054290719,bar,0.03562998032433804
6087,forest,17255,57734,4,0.1468164289945828,0.09102810633139966,brown,0.09592385696228496
6087,shrub,2,4349,4,-0.12226029705447733,0.12266925005698653,brown,-0.051952542521345714
6087,urban,21,411533,4,0.3675762028136739,0.17924005450961383,terracotta,0.14416443634739462
6087,urban+barren,29,684,4,-0.0951149375122507,0.11857609459627073,foo,0.027927762066711746
6087,urban+crop,12,46081,4,0.0032007592621751194,0.09531668076064095,bar,0.07598814403981434
6087,urban+forest,52443,237083,4,0.19633040224927178,0.1005095691479494,brown,0.13066259198319694
6087,urban+shrub,34,6952,4,0.11350159479387925,0.09221506914639961,lavender,0.054328489359279274
6089,crop,71,317,6,0.6693878247510041,0.21272774260240349,brown,0.31414979183616415
6089,forest,16023,32404,6,0.5769665107038267,0.212647527939887,brown,0.3227483152339351
6089,grass,40,531,6,0.6886564805270144,0.1868888288044703,brown,0.38214838604552676
6089,shrub,1296,7335,6,1.5245267602716763,0.39340407105548,brown,0.9086481983834211
6089,urban+crop,5,509,6,0.5403549369755342,0.10439607159559541,amber,0.11829063659201948
6089,urban+forest,31609,45320,6,0.2834542955010044,0.14028878498863107,brown,0.12704413210258436
6089,urban+grass,3087,14228,6,1.2631355924450824,0.3740527463900182,brown,0.39746811102271995
6089,urban+shrub,384,2401,6,1.2889677400927384,0.3348451020055224,brown,0.3450475378837261
6091,forest,614,32740,4,2.405099204238347,0.5780611584082844,tan,1.7874287359850287
6091,grass,20,273,4,0.6046737806678415,0.19126288945559375,ivory,0.20268016054189145
6091,shrub,60,2627,4,1.8497930894002925,0.30353792548914504,tan,1.1563217259933216
6091,urban+forest,164,13865,4,1.702495836913736,0.42980733554906236,tan,1.2545333721045513
6091,urban+grass,184,2647,4,1.375159694901248,0.4192208968745281,orange,0.3256306312029274
6091,urban+shrub,44,1485,4,1.4203180684666252,0.2835786237048188,tan,0.32542491904749865
6093,crop,32,176,5,0.4771097941430262,0.16575433911882512,cocoa,0.22349615459449856
6093,forest,4532,39534,5,1.5819386375814661,0.3720804124924437,cocoa,0.9168182227897129
6093,grass,78,126,5,0.2328204106508097,0.11059714045416316,cocoa,0.07761363926434205
6093,shrub,1399,3868,5,0.8721936162745523,0.2945097045709882,cocoa,0.5010219083211354
6093,urban+crop,297,460,5,0.3011569146450071,0.1269885512198046,cocoa,0.08994532965721963
6093,urban+forest,5396,63986,5,1.9021658158977008,0.43532780953369943,cocoa,0.7321673860551582
6093,urban+grass,1321,5680,5,1.1846384201135276,0.3824897095033923,cocoa,0.33727852600090147
6093,urban+shrub,377,1241,5,0.8391941404873977,0.27073579697994477,cocoa,0.2088379678645955
6095,crop,556,4153,6,0.7682484430095367,0.25885495373684353,brown,0.24509333441974604
6095,forest,2457,83480,6,1.45731518016589,0.3299615442959964,green,0.47535519383450053
6095,grass,412,852,6,0.391327133327231,0.16559300873907612,alabaster,0.09323615412212066
6095,shrub,4391,23807,6,0.6606260515598636,0.23970659175043005,indigo,0.2124176492864494
6095,urban+crop,5627,89401,6,1.347456874439643,0.3666783892421434,brown,0.38185166967675843
6095,urban+forest,4332,208261,6,1.0284102453534378,0.3154116887707946,brown,0.2255466772696623
6095,urban+grass,103555,304820,6,0.3758991432233209,0.16930612390132854,indigo,0.08509149803888161
6095,urban+shrub,2834,18361,6,0.6338483713591226,0.22958359884219215,indigo,0.19624550523437873
6097,crop,156,1801,6,0.1881634708421948,0.11270552687195527,azure,0.1275273696956233
6097,forest,23452,94931,6,0.6968985258701558,0.32877155504410277,brown,0.34457342559968596
6097,grass,33,914,6,0.20014788323971983,0.09164546100130193,azure,0.14624705114084788
6097,shrub,8119,20154,6,0.2524821155789696,0.13547551693032164,azure,0.10467552411205328
6097,urban+crop,66,16453,6,0.23352831361648668,0.16916103422379575,azure,0.3897060890297998
6097,urban+forest,44237,175160,6,0.5467474019140839,0.2542463356890214,brown,0.257275486781339
6097,urban+grass,62493,289244,6,0.327788364396918,0.14619864300102,azure,0.12093518724328552
6097,urban+shrub,2595,12135,6,0.3045897755576745,0.2189618279750885,azure,0.11513752669002311
6099,crop,1888,8915,7,0.56115711163288,0.23056497070950535,brown,0.18099133290322475
6099,forest,4863,54070,7,1.7448173106541107,0.48296725373076654,brown,0.7816559282600929
6099,grass,47,440,7,0.39639585784951714,0.13145459020428257,brown,0.14935938955817468
6099,shrub,747,10499,7,1.4035447280279882,0.3787115949922294,brown,0.786670561105909
6099,urban,72107,779895,7,1.2958440717475432,0.3663514793505424,brown,0.5595073492479479
6099,urban+barren,176,1273,7,0.6465938481060769,0.266991381338352,brown,0.303319647015226
6099,urban+crop,27931,161467,7,0.4410725316382346,0.17435285619180677,blue,0.13585409085110012
6099,urban+forest,35420,146801,7,0.8947819596156644,0.3464477563321227,brown,0.4288548386120909
6099,urban+grass,2514,124852,7,1.7529682600622758,0.4134567918200619,brown,0.6679603375616484
6099,urban+shrub,1191,12656,7,1.3412254076605015,0.3819023306693461,brown,0.598796281551189
6101,crop,631,4239,6,0.7217313362960923,0.22749503462221715,coffee,0.37445700189299386
6101,forest,576,50065,6,2.180992471228093,0.39564719804239096,coffee,1.2058502024627802
6101,shrub,329,9563,6,1.1082045721148883,0.28411535810160554,coffee,0.5647528193834831
6101,urban+crop,21356,114655,6,0.8883002379852386,0.28023616652854333,coffee,0.34624651790909783
6101,urban+forest,894,111442,6,2.440189733214629,0.3785277984387969,coffee,1.684114830869481
6101,urban+shrub,202,11119,6,1.2317667416276823,0.3041291341758537,coffee,0.49756419183350054
6103,crop,97,723,6,1.277320216477774,0.3146444736457877,gray,0.4739723513974851
6103,forest,3449,49544,6,2.148500927522301,0.4259754246967221,cocoa,1.2005397977872774
6103,grass,152,274,6,0.4176666237044178,0.16464237516869096,gray,0.14618331829654618
6103,shrub,2317,5732,6,0.8692336981447651,0.289821611895484,cocoa,0.47146783287939104
6103,urban+crop,35,4692,6,2.330175795481898,0.339235135683049,cocoa,1.028520256521597
6103,urban+forest,1930,75329,6,2.9305678966999738,0.455345187710737,cocoa,1.4448040333039793
6103,urban+grass,6602,19749,6,0.9897727902236447,0.3674210842460153,cocoa,0.2491338083248148
6103,urban+shrub,786,1885,6,0.7483389892710115,0.25498058757301745,cocoa,0.26843445059745075
6105,forest,2210,47557,5,2.024189359163234,0.47142369596824335,beige,1.7178152930671076
6105,urban+forest,1005,72825,5,2.2037114558574227,0.3744110372808692,beige,1.4575644915302621
6107,crop,3783,9973,4,0.6213515745340796,0.24388489332762486,brown,0.32593085834193947
6107,forest,3507,11304,4,1.0609906802623177,0.34084068873906015,brown,0.5472049220495684
6107,grass,173,2202,4,1.337851528778613,0.30286158598510493,brown,0.7165491598477405
6107,shrub,1832,12320,4,1.6057193780809245,0.363708498597544,brown,0.9744772266953273
6107,urban,1168,312556,4,4.185273726281224,0.45232270351983594,brown,1.769582845974993
6107,urban+barren,124,29648,4,3.2835713754422815,0.4014462485122055,brown,1.4474540272089795
6107,urban+crop,63403,142357,4,0.62905352075252,0.29383739050578705,brown,0.2778710152462101
6107,urban+forest,18968,34666,4,0.5205848757497035,0.21343404811331568,brown,0.26325649559637654
6107,urban+grass,15967,63990,4,1.0175344558634443,0.3201317485338684,brown,0.4467206750173294
6107,urban+shrub,1154,8891,4,1.6128681641867093,0.4485819244434656,brown,0.7635735492677421
6109,forest,13142,38380,6,0.540837267433818,0.2193991502781756,cocoa,0.2279214036740389
6109,grass,19,176,6,0.36142890367925723,0.11825709132644693,cocoa,0.07481764192469875
6109,shrub,375,5248,6,0.9590647392578967,0.28949282631538925,cocoa,0.5098828060453696
6109,urban+forest,3563,52374,6,1.7924362867843089,0.4061393193776276,cocoa,0.7321710135805458
6109,urban+shrub,43,3958,6,0.8517390904684878,0.19323490156823486,grey,0.28878518408118553
6111,barren,354,1485,3,0.9814021536611861,0.2830552280005896,brown,0.44315935121786093
6111,crop,355,2700,3,0.9029699896157416,0.2671244588925629,brown,0.3274551351027383
6111,forest,7396,33550,3,1.002329489832998,0.3967581022393274,sage,0.4503442221034515
6111,grass,1434,5114,3,0.8525034563339238,0.30235830745341613,brown,0.3421641772404443
6111,shrub,4462,22767,3,1.1002640132404282,0.36845275158956364,brown,0.4985522409312819
6111,urban,71625,2098716,3,2.3795450014629527,0.4856992778535289,brown,1.0887778260378909
6111,urban+barren,1283,22912,3,1.915010765632533,0.3872436706199007,brown,0.8796033813499704
6111,urban+crop,6270,50030,3,0.8062979046295417,0.3001429913276093,brown,0.2603500963370482
6111,urban+forest,17575,201477,3,1.3384911329553215,0.44839518048162114,sage,0.5596895112327488
6111,urban+grass,104660,274242,3,0.627071812161237,0.2780010779380253,brown,0.2566071994789802
6111,urban+shrub,4088,63933,3,1.8467471447052106,0.449657847567608,brown,0.7896454567807886
6113,crop,723,4064,6,0.9959020571530899,0.2979713751376688,grey,0.4777628267200935
6113,forest,703,23006,6,0.7876992098191943,0.26116487592474036,olive,0.18252604088277424
6113,grass,2,699,6,-0.015407400746546906,0.008344640434192668,cocoa,-0.006540699982401129
6113,shrub,552,11187,6,1.2915848003810184,0.3173836397266997,grey,0.3061318587481162
6113,urban,8594,296287,6,2.179444679677821,0.3808343589884332,foo,0.5460451964566695
6113,urban+barren,13,452,6,0.5793586406925036,0.2399159663865546,beige,0.1330929269635498
6113,urban+crop,31593,103485,6,0.824979777330964,0.3054645389542094,olive,0.14393950500311756
6113,urban+forest,1550,83490,6,1.058087541621906,0.2966491183396593,olive,0.32012152303188995
6113,urban+grass,1807,150338,6,1.5607728359662139,0.4222410296401735,grey,0.39528303553727095
6113,urban+other,29,29,6,0.0,0.0,aqua,0.0
6113,urban+shrub,814,10455,6,1.2691277036527397,0.35612977397406453,grey,0.21786168242922144
6115,crop,481,1535,6,0.20659834940106817,0.10113830817982157,coffee,0.11988327758130655
6115,forest,1921,73404,6,1.1153266012863998,0.3318022733930436,verde,0.6667404855155399
6115,shrub,1239,5067,6,0.761797509184048,0.3049103516827898,coffee,0.5868022305785221
6115,urban+crop,14124,38159,6,0.13780508440880762,0.05993501320725382,verde,0.10702829875108694
6115,urban+forest,708,64919,6,1.2929690490331947,0.3544957004140623,coffee,0.6287654515526537
6115,urban+grass,468,32630,6,2.498301557008263,0.4242236301398039,beige,0.7582446463936232
6115,urban+shrub,854,4517,6,0.883303671862685,0.27129121893351316,coffee,0.3480328981966273
