fips,lc_type,bldgtype,freq
6115,urban+crop,W,0.24194847020933977
6115,urban+crop,M,0.22383252818035426
6115,forest,H,0.09943639291465378
6115,urban+crop,H,0.051932367149758456
6115,forest,W,0.05085882984433709
6115,shrub,W,0.04066022544283414
6115,forest,M,0.037171229200214706
6115,shrub,H,0.03234031132581857
6115,shrub,M,0.030461621041331186
6115,urban+shrub,W,0.026167471819645734
6115,urban+shrub,M,0.023349436392914653
6115,crop,W,0.018518518518518517
6115,crop,M,0.01610305958132045
6115,urban+crop,C,0.01570048309178744
6115,urban+forest,M,0.014090177133655395
6115,urban+forest,W,0.013687600644122383
6115,urban+grass,M,0.010735373054213635
6115,urban+grass,C,0.006977992485238862
6115,urban+grass,W,0.006977992485238862
6115,urban+shrub,H,0.00630703166935051
6115,urban+crop,S,0.005099302200751476
6115,urban+forest,H,0.004830917874396135
6115,urban+grass,S,0.004159957058507783
6115,crop,H,0.0036231884057971015
6115,urban+shrub,C,0.003488996242619431
6115,urban+shrub,S,0.002818035426731079
6115,forest,S,0.0021470746108427268
6115,urban+grass,H,0.0017444981213097155
6115,forest,C,0.001610305958132045
6115,crop,S,0.0010735373054213634
6115,shrub,C,0.000939345142243693
6115,crop,C,0.0005367686527106817
6115,urban+forest,C,0.00026838432635534085
6115,urban+forest,S,0.00026838432635534085
6115,shrub,S,0.00013419216317767042
6113,urban+crop,W,0.30265090037870007
6113,urban+crop,M,0.2773011824715975
6113,urban,W,0.07311229615889946
6113,urban,M,0.06638843805549115
6113,urban+crop,C,0.029059432722776102
6113,urban+forest,M,0.02117628873946982
6113,urban+forest,W,0.019939717134245305
6113,urban+grass,M,0.01939871705695958
6113,crop,W,0.01908957415565345
6113,urban+grass,W,0.01870314552902079
6113,crop,M,0.01762114537444934
6113,forest,W,0.016075430867918697
6113,forest,M,0.014607002086714584
6113,urban+shrub,M,0.014066002009428858
6113,urban+shrub,W,0.014066002009428858
6113,shrub,W,0.013215859030837005
6113,shrub,M,0.012443001777571683
6113,urban+crop,S,0.010279001468428781
6113,urban+crop,H,0.010047144292449184
6113,urban,C,0.009351572764510395
6113,urban,H,0.007110286730040961
6113,urban,S,0.0019321431331633047
6113,urban+forest,C,0.0017002859571837081
6113,urban+grass,C,0.0013138573305510471
6113,crop,C,0.0010820001545714508
6113,urban+grass,H,0.0010820001545714508
6113,crop,H,0.0010047144292449186
6113,crop,S,0.0006182858026122575
6113,urban+barren,W,0.0006182858026122575
6113,urban+forest,S,0.0006182858026122575
6113,urban+other,M,0.0006182858026122575
6113,urban+other,W,0.0006182858026122575
6113,urban+shrub,H,0.0006182858026122575
6113,forest,H,0.0004637143519591931
6113,urban+forest,H,0.0004637143519591931
6113,forest,S,0.00030914290130612873
6113,urban+barren,M,0.00030914290130612873
6113,urban+grass,S,0.00023185717597959656
6113,forest,C,0.00015457145065306437
6113,grass,M,0.00015457145065306437
6113,shrub,S,0.00015457145065306437
6113,shrub,H,7.728572532653218e-05
6113,urban+shrub,C,7.728572532653218e-05
6113,urban+shrub,S,7.728572532653218e-05
6111,urban+grass,W,0.2029854578129871
6111,urban+grass,M,0.1988043498193688
6111,urban,W,0.11549393922722855
6111,urban,M,0.11215638810951568
6111,urban+forest,W,0.047917698190020355
6111,urban+forest,M,0.04602886431571033
6111,forest,W,0.02873594835964864
6111,forest,M,0.02789239148374319
6111,shrub,M,0.020245365021730757
6111,shrub,W,0.019218426216280646
6111,urban,C,0.018338192954466266
6111,urban+grass,C,0.018301516568557333
6111,urban+shrub,W,0.016339329922429445
6111,urban+shrub,M,0.015899213291522253
6111,urban+crop,W,0.015587464011296327
6111,urban+crop,M,0.01468889255652748
6111,urban+grass,H,0.009462507564504594
6111,urban+grass,S,0.0091874346701876
6111,urban,S,0.007995452128147292
6111,urban,H,0.007225248024059709
6111,grass,W,0.005079679448387156
6111,grass,M,0.004987988483614825
6111,urban+barren,W,0.0038693587133923823
6111,urban+forest,H,0.003851020520437916
6111,urban+barren,M,0.003777667748620051
6111,urban+crop,C,0.002879096293851204
6111,forest,H,0.0024389796629440135
6111,crop,W,0.0018338192954466268
6111,urban+forest,C,0.0016871137518108966
6111,crop,M,0.001577084594084099
6111,urban+crop,S,0.0015220700152207
6111,shrub,C,0.0012469971209037062
6111,forest,S,0.00122865892794924
6111,shrub,S,0.001100291577267976
6111,urban+shrub,H,0.0010636151913590436
6111,urban+forest,S,0.001026938805450111
6111,shrub,H,0.0010086006124956446
6111,urban+shrub,C,0.0008985714547688471
6111,urban+crop,H,0.0008068804899965157
6111,forest,C,0.0007885422970420495
6111,grass,H,0.0007885422970420495
6111,barren,W,0.0006418367534063193
6111,barren,M,0.0006051603674973868
6111,urban+barren,H,0.0005868221745429206
6111,grass,C,0.0004584548238616567
6111,urban+shrub,S,0.0004401166309071904
6111,grass,S,0.00042177843795272415
6111,crop,H,0.0002934110872714603
6111,urban+barren,S,0.00014670554363573014
6111,crop,S,0.00012836735068126387
6111,urban+barren,C,0.00012836735068126387
6111,crop,C,0.0001100291577267976
6111,barren,C,7.335277181786507e-05
6109,forest,W,0.38777341559169937
6109,forest,M,0.33920358945597306
6109,urban+forest,W,0.07784632641615255
6109,urban+forest,M,0.06629276500280426
6109,forest,H,0.05597307908020191
6109,shrub,W,0.015591699383062254
6109,shrub,M,0.01245092540661806
6109,urban+forest,C,0.00987100392596747
6109,forest,S,0.009085810431856422
6109,urban+forest,H,0.007627593942793045
6109,forest,C,0.006281547952888391
6109,urban+forest,S,0.0041503084688726865
6109,shrub,H,0.002131239484015704
6109,urban+shrub,M,0.0020190689848569826
6109,urban+shrub,W,0.0016825574873808188
6109,grass,H,0.0007851934941110488
6109,grass,M,0.0007851934941110488
6109,grass,W,0.0002243409983174425
6109,shrub,C,0.00011217049915872125
6109,urban+shrub,H,0.00011217049915872125
6107,urban+crop,W,0.2248586286266375
6107,urban+crop,M,0.21323633883663437
6107,urban+grass,W,0.07413827399050894
6107,urban+grass,M,0.0711829729192123
6107,urban+forest,W,0.06535761984598334
6107,urban+forest,M,0.061919240714955526
6107,crop,W,0.033360802477906286
6107,forest,W,0.030405501406609643
6107,forest,M,0.028018527464408513
6107,crop,M,0.026910289562672274
6107,urban+crop,H,0.019720951379614104
6107,urban+crop,C,0.015969992327583758
6107,shrub,W,0.013668267454746953
6107,urban+grass,H,0.013412520246653974
6107,shrub,M,0.011934869711005654
6107,urban+shrub,W,0.009434230342985423
6107,urban+shrub,M,0.00937739763007587
6107,crop,H,0.00920689949134722
6107,urban+crop,S,0.008439657867068285
6107,shrub,H,0.007786081668608451
6107,forest,H,0.007189338183058168
6107,urban+forest,H,0.006450512915234009
6107,crop,S,0.004773947884402262
6107,urban+grass,C,0.004347702537580631
6107,urban+forest,C,0.004148788042397203
6107,urban+shrub,H,0.004063538973032878
6107,urban,W,0.00386462447784945
6107,urban,M,0.0033247137052087182
6107,crop,C,0.002301724872836805
6107,grass,W,0.0019607285953795006
6107,urban+grass,S,0.001704981387286522
6107,grass,M,0.0015913159614674207
6107,urban+forest,S,0.0015060668921030944
6107,grass,H,0.0009377397630075872
6107,forest,S,0.0004830780597311813
6107,urban+barren,M,0.0004830780597311813
6107,urban+barren,W,0.0004830780597311813
6107,forest,C,0.0004262453468216305
6107,shrub,S,0.0003694126339120798
6107,urban,C,0.0003694126339120798
6107,shrub,C,0.00022733085163820295
6107,urban,H,0.0001704981387286522
6107,urban+shrub,S,0.0001704981387286522
6107,urban,S,0.00011366542581910147
6107,urban+shrub,C,8.52490693643261e-05
6107,grass,C,5.6832712909550736e-05
6107,grass,S,5.6832712909550736e-05
6105,forest,M,0.2680577849117175
6105,forest,W,0.2637774210807919
6105,forest,H,0.14553237025147137
6105,urban+forest,W,0.12199036918138041
6105,urban+forest,M,0.10968432316746923
6105,urban+forest,C,0.03210272873194221
6105,urban+forest,H,0.02675227394328518
6105,forest,C,0.01765650080256822
6105,urban+forest,S,0.00749063670411985
6105,forest,S,0.006955591225254147
6103,urban+grass,W,0.1410413101931068
6103,forest,M,0.13431923735028112
6103,forest,W,0.13297482278171596
6103,urban+grass,M,0.1297971156196529
6103,shrub,W,0.09802004399902224
6103,shrub,M,0.09007577609386458
6103,urban+forest,M,0.05377658274260572
6103,urban+forest,W,0.05292104619897336
6103,urban+shrub,W,0.027010510877536056
6103,urban+shrub,M,0.02688829137130286
6103,forest,H,0.02102175507210951
6103,urban+grass,H,0.019310681984844782
6103,urban+grass,C,0.0164996333414813
6103,grass,W,0.008310926423857248
6103,shrub,H,0.007210950867758494
6103,crop,W,0.005499877780493767
6103,urban+forest,H,0.0046443412368614035
6103,grass,M,0.004277682718161819
6103,urban+shrub,H,0.004277682718161819
6103,urban+grass,S,0.0034221461745294547
6103,crop,M,0.0031777071620630653
6103,forest,S,0.0024443901246638962
6103,forest,C,0.001955512099731117
6103,urban+shrub,C,0.0015888535810315327
6103,urban+crop,W,0.0014666340747983377
6103,crop,C,0.0012221950623319481
6103,urban+crop,M,0.0010999755560987534
6103,urban+forest,C,0.0010999755560987534
6103,grass,H,0.0008555365436323637
6103,urban+forest,S,0.0008555365436323637
6103,crop,H,0.0007333170373991689
6103,urban+crop,C,0.0007333170373991689
6103,shrub,C,0.0004888780249327792
6103,crop,S,0.0002444390124663896
6103,shrub,S,0.0002444390124663896
6103,grass,C,0.0001222195062331948
6103,grass,S,0.0001222195062331948
6103,urban+crop,H,0.0001222195062331948
6103,urban+shrub,S,0.0001222195062331948
6101,urban+crop,W,0.3628479507623444
6101,urban+crop,M,0.35151769478248707
6101,crop,W,0.03776751993285774
6101,urban+crop,C,0.02951461742901105
6101,crop,M,0.028815218911735906
6101,urban+forest,M,0.027836060987550707
6101,urban+forest,W,0.027276542173730593
6101,forest,W,0.02629738424954539
6101,forest,M,0.0209819555182543
6101,urban+crop,H,0.020142677297524128
6101,urban+crop,S,0.013987970345502868
6101,shrub,M,0.012449293607497552
6101,shrub,W,0.012309413904042523
6101,urban+shrub,W,0.008672541614211778
6101,urban+shrub,M,0.006434466358931319
6101,crop,H,0.0022380752552804586
6101,crop,S,0.0022380752552804586
6101,crop,C,0.0015386767380053154
6101,urban+forest,C,0.0013987970345502867
6101,urban+forest,S,0.001258917331095258
6101,forest,S,0.0011190376276402293
6101,urban+shrub,S,0.0009791579241852006
6101,forest,H,0.000839278220730172
6101,urban+shrub,C,0.000839278220730172
6101,urban+forest,H,0.000419639110365086
6101,shrub,S,0.00027975940691005733
6099,urban,W,0.1815349465157337
6099,urban,M,0.17761449787101463
6099,urban+forest,W,0.1075137605151106
6099,urban+forest,M,0.10273652508048603
6099,urban+crop,W,0.09525911309585627
6099,urban+crop,M,0.09068958354969363
6099,forest,W,0.043955758645757605
6099,forest,M,0.0431508983279676
6099,urban,C,0.024093883061584796
6099,crop,W,0.01900508879426732
6099,crop,M,0.017940596115899887
6099,urban+forest,C,0.00963236057742237
6099,urban+crop,C,0.0095285076331914
6099,urban,S,0.008567867899054938
6099,urban,H,0.007685117873091702
6099,urban+shrub,W,0.00662062519472427
6099,urban+shrub,M,0.0063869560702045905
6099,urban+grass,W,0.006179250181742652
6099,urban+grass,M,0.005789801640876519
6099,shrub,W,0.005608058988472323
6099,shrub,M,0.005010904559144252
6099,urban+forest,S,0.004829161906740056
6099,urban+crop,S,0.004102191297123274
6099,urban+crop,H,0.003842558936545851
6099,urban+forest,H,0.0036608162841416554
6099,forest,S,0.0014539412192335654
6099,forest,H,0.0013500882750025964
6099,urban+barren,W,0.0012721985668293697
6099,urban+barren,M,0.0007269706096167827
6099,forest,C,0.0006231176653858137
6099,crop,S,0.0004673382490393603
6099,crop,C,0.00044137501298161804
6099,urban+barren,C,0.00038944854086613354
6099,grass,W,0.00036348530480839134
6099,shrub,H,0.00036348530480839134
6099,urban+shrub,H,0.00023366912451968015
6099,grass,M,0.0002077058884619379
6099,shrub,S,0.0002077058884619379
6099,urban+barren,H,0.0002077058884619379
6099,crop,H,0.00015577941634645342
6099,urban+barren,S,0.00015577941634645342
6099,shrub,C,0.0001298161802887112
6099,urban+grass,H,0.00010385294423096895
6099,urban+grass,C,7.788970817322671e-05
6099,grass,S,5.1926472115484474e-05
6099,urban+grass,S,2.5963236057742237e-05
6099,urban+shrub,C,2.5963236057742237e-05
6099,urban+shrub,S,2.5963236057742237e-05
6097,urban+grass,W,0.14144399962759518
6097,urban+grass,M,0.13636998417279583
6097,forest,W,0.13141234521925332
6097,forest,M,0.12726934177450888
6097,urban+forest,W,0.11574806815007914
6097,urban+forest,M,0.10964993948421935
6097,shrub,M,0.06140024206312261
6097,shrub,W,0.061307140862117124
6097,urban+grass,C,0.024066660459919932
6097,urban+shrub,W,0.013103994041523136
6097,urban+grass,H,0.012894516339260776
6097,urban+shrub,M,0.0119169537287031
6097,urban+grass,S,0.008914439996275952
6097,urban+forest,C,0.008425658690997114
6097,urban+forest,H,0.006982590075411973
6097,forest,H,0.005260217856810353
6097,shrub,H,0.004399031747509543
6097,urban+forest,S,0.003863699841727958
6097,forest,C,0.0024439065263941904
6097,shrub,S,0.002397355925891444
6097,forest,S,0.002211153523880458
6097,urban+shrub,H,0.0016990969183502467
6097,crop,W,0.0012103156130714085
6097,shrub,C,0.0009775626105576762
6097,urban+shrub,S,0.0009077367098035565
6097,urban+shrub,C,0.0007913602085466903
6097,crop,M,0.0006051578065357043
6097,urban+crop,W,0.00046550600502746485
6097,crop,S,0.0004422307047760916
6097,grass,W,0.0004422307047760916
6097,urban+crop,M,0.0004422307047760916
6097,grass,M,0.00020947770226235917
6097,crop,C,0.0001629271017596127
6097,crop,H,0.00011637650125686621
6097,urban+crop,C,4.6550600502746487e-05
6095,urban+grass,W,0.3452392998077507
6095,urban+grass,M,0.3339404364396776
6095,shrub,M,0.03912442240885022
6095,shrub,W,0.03885459880603056
6095,urban+grass,C,0.026172889473506693
6095,urban+crop,W,0.023339741643900302
6095,urban+crop,M,0.0228675503389659
6095,urban+forest,W,0.02209180748085939
6095,urban+forest,M,0.021450976424162705
6095,urban+shrub,W,0.018280549091031738
6095,urban+grass,S,0.017774629835744883
6095,urban+shrub,M,0.017605990083982597
6095,forest,W,0.016695335424466256
6095,forest,M,0.015346217410367973
6095,urban+grass,H,0.011636142871597694
6095,crop,M,0.005126648453573477
6095,crop,W,0.004587001247934163
6095,grass,W,0.003608890687712908
6095,grass,M,0.0034402509359506223
6095,shrub,H,0.0023609565246719955
6095,urban+crop,C,0.0020236770211474247
6095,shrub,S,0.0009781105602212554
6095,urban+crop,S,0.0008431987588114271
6095,urban+shrub,C,0.0007420149077540558
6095,forest,S,0.0006408310566966846
6095,forest,H,0.0006071031063442275
6095,urban+shrub,S,0.0005733751559917704
6095,shrub,C,0.0005059192552868562
6095,urban+forest,C,0.00047219130493439913
6095,urban+forest,H,0.00047219130493439913
6095,urban+crop,H,0.00043846335458194203
6095,crop,S,0.000404735404229485
6095,urban+forest,S,0.0003710074538770279
6095,crop,H,0.0003372795035245708
6095,crop,C,0.00023609565246719957
6095,forest,C,0.00023609565246719957
6095,urban+shrub,H,0.00023609565246719957
6095,grass,H,0.0002023677021147425
6095,grass,C,0.00013491180140982832
6093,forest,W,0.1643048128342246
6093,forest,M,0.14933155080213903
6093,urban+forest,W,0.1320855614973262
6093,urban+forest,M,0.12259358288770053
6093,forest,H,0.07232620320855615
6093,shrub,H,0.04879679144385027
6093,shrub,W,0.04572192513368984
6093,urban+grass,W,0.044919786096256686
6093,urban+grass,M,0.04264705882352941
6093,shrub,M,0.0393048128342246
6093,urban+shrub,W,0.017914438502673796
6093,urban+forest,C,0.01697860962566845
6093,urban+forest,H,0.016711229946524065
6093,urban+shrub,M,0.014037433155080214
6093,urban+forest,S,0.011631016042780749
6093,urban+crop,M,0.0074866310160427805
6093,urban+crop,W,0.007219251336898396
6093,urban+grass,H,0.006951871657754011
6093,urban+shrub,H,0.0062834224598930484
6093,forest,C,0.004411764705882353
6093,forest,S,0.004010695187165776
6093,urban+grass,S,0.004010695187165776
6093,grass,H,0.0037433155080213902
6093,grass,M,0.0030748663101604276
6093,grass,W,0.0030748663101604276
6093,urban+crop,H,0.00267379679144385
6093,shrub,S,0.0021390374331550803
6093,crop,H,0.0018716577540106951
6093,urban+grass,C,0.0009358288770053476
6093,crop,M,0.0008021390374331551
6093,crop,W,0.0006684491978609625
6093,shrub,C,0.0006684491978609625
6093,grass,S,0.00026737967914438503
6093,urban+crop,C,0.00026737967914438503
6093,urban+crop,S,0.00013368983957219252
6091,forest,M,0.2882447665056361
6091,forest,W,0.2785829307568438
6091,urban+forest,W,0.07085346215780998
6091,urban+forest,M,0.06924315619967794
6091,urban+grass,M,0.06602254428341385
6091,urban+grass,W,0.05636070853462158
6091,shrub,W,0.043478260869565216
6091,urban+shrub,M,0.02576489533011272
6091,shrub,M,0.02254428341384863
6091,urban+shrub,W,0.01932367149758454
6091,urban+grass,C,0.011272141706924315
6091,forest,C,0.00966183574879227
6091,grass,W,0.00966183574879227
6091,forest,S,0.00644122383252818
6091,urban+forest,C,0.00644122383252818
6091,forest,H,0.004830917874396135
6091,grass,M,0.004830917874396135
6091,urban+forest,S,0.00322061191626409
6091,urban+grass,S,0.001610305958132045
6091,urban+shrub,H,0.001610305958132045
6089,urban+forest,W,0.2164630383808466
6089,urban+forest,M,0.19848615739026698
6089,forest,W,0.15039697231478052
6089,forest,M,0.14854580608005266
6089,forest,H,0.112962277345839
6089,urban+forest,H,0.035583528734213665
6089,urban+forest,C,0.02176148751491217
6089,urban+grass,W,0.020074869389937883
6089,urban+grass,M,0.019498951005800323
6089,shrub,W,0.014891603932699823
6089,shrub,M,0.012382245258957588
6089,shrub,H,0.009584927393146571
6089,urban+forest,S,0.007569213048665103
6089,forest,S,0.005388950594430047
6089,urban+shrub,W,0.005306676539553252
6089,urban+shrub,M,0.004031428688962935
6089,urban+grass,C,0.0034966473322637706
6089,forest,C,0.003003003003003003
6089,urban+grass,H,0.0026327697560574272
6089,urban+shrub,H,0.0014397959603439055
6089,urban+grass,S,0.0011929737957135217
6089,crop,M,0.0008638775762063434
6089,crop,H,0.000822740548767946
6089,shrub,C,0.0007816035213295487
6089,shrub,S,0.0006170554115759595
6089,crop,W,0.0005347813566991649
6089,grass,M,0.000411370274383973
6089,grass,W,0.0002879591920687811
6089,urban+shrub,C,0.0002879591920687811
6089,grass,H,0.0002468221646303838
6089,urban+crop,H,0.0002056851371919865
6089,urban+shrub,S,0.0001645481097535892
6089,crop,C,8.22740548767946e-05
6087,urban+forest,W,0.2567269076305221
6087,urban+forest,M,0.24467871485943776
6087,forest,W,0.2073293172690763
6087,forest,M,0.19603413654618473
6087,urban+forest,C,0.033785140562248996
6087,urban+forest,H,0.02705823293172691
6087,urban+forest,S,0.017720883534136547
6087,forest,H,0.0051204819277108436
6087,forest,S,0.004367469879518073
6087,forest,C,0.003714859437751004
6087,urban,M,0.00040160642570281126
6087,urban,W,0.00040160642570281126
6087,urban+barren,W,0.00040160642570281126
6087,urban+shrub,M,0.00040160642570281126
6087,urban+barren,M,0.00035140562248995986
6087,urban+shrub,W,0.00035140562248995986
6087,barren,M,0.00030120481927710846
6087,barren,W,0.00030120481927710846
6087,urban+crop,C,0.00020080321285140563
6087,crop,W,0.00010040160642570282
6087,shrub,W,0.00010040160642570282
6087,urban+crop,S,0.00010040160642570282
6087,urban+crop,M,5.020080321285141e-05
6085,urban,W,0.3060670553036612
6085,urban,M,0.30070016347429135
6085,urban+forest,W,0.06705530366120724
6085,urban+forest,M,0.06673658020007608
6085,urban,C,0.04846652889588024
6085,urban+grass,W,0.03791781047263605
6085,urban+grass,M,0.0369513586872706
6085,forest,M,0.028551453276168738
6085,forest,W,0.027790629530242743
6085,urban,S,0.018917779628430133
6085,urban,H,0.009972959912813712
6085,urban+shrub,W,0.009633673647738606
6085,urban+shrub,M,0.009242980372803635
6085,shrub,W,0.005983775947688227
6085,shrub,M,0.005685615290501013
6085,urban+grass,C,0.003978902563153512
6085,urban+forest,C,0.0037013047099102433
6085,urban+grass,S,0.0018814965608710404
6085,urban+forest,S,0.0016964313253755282
6085,crop,W,0.0016450243155156636
6085,urban+grass,H,0.0014393962760762059
6085,crop,M,0.0013777078642443683
6085,urban+crop,W,0.0008842005695896693
6085,urban+crop,M,0.0007711051478979673
6085,urban+barren,M,0.0004215374808508888
6085,forest,C,0.00039069327493497014
6085,urban+barren,W,0.00038041187296299723
6085,urban+forest,H,0.00035984906901905146
6085,forest,S,0.00028787925521524114
6085,forest,H,0.00017478383352353928
6085,urban+shrub,C,0.00016450243155156636
6085,crop,C,0.00012337682366367477
6085,grass,M,0.00012337682366367477
6085,grass,W,0.00011309542169170188
6085,urban+crop,H,8.225121577578318e-05
6085,urban+shrub,H,8.225121577578318e-05
6085,urban+crop,C,7.196981380381028e-05
6085,shrub,S,5.140700985986449e-05
6085,crop,S,4.112560788789159e-05
6085,urban+shrub,S,4.112560788789159e-05
6085,shrub,C,3.0844205915918693e-05
6085,urban+barren,S,1.0281401971972898e-05
6083,urban+forest,W,0.17362659301899977
6083,urban+forest,M,0.16690513426280237
6083,urban+grass,W,0.10065550860147074
6083,urban+grass,M,0.09682893554719994
6083,urban+crop,W,0.07260506438625096
6083,forest,W,0.0709080624230526
6083,forest,M,0.06897813862176821
6083,urban+crop,M,0.06681529298239776
6083,urban+forest,C,0.029880544371610154
6083,shrub,M,0.018800119788373874
6083,shrub,W,0.018766845240075866
6083,urban+crop,C,0.014141683026652913
6083,urban+forest,S,0.013808937543672845
6083,urban+forest,H,0.010980600938342262
6083,urban+grass,H,0.010647855455362194
6083,urban+grass,C,0.00931687352344192
6083,urban+shrub,M,0.0077196952051375905
6083,urban+shrub,W,0.007586597011945563
6083,urban+crop,H,0.007187302432369481
6083,urban+crop,S,0.005457025920873124
6083,crop,W,0.004957907696403021
6083,urban+grass,S,0.004924633148105015
6083,crop,M,0.004392240375336905
6083,forest,H,0.0028948857019265965
6083,forest,S,0.0025621402189465277
6083,shrub,S,0.001597178318304329
6083,grass,M,0.0013975310285162879
6083,grass,W,0.0012644328353242605
6083,forest,C,0.0010980600938342263
6083,shrub,H,0.0009649619006421988
6083,urban+shrub,H,0.0007320400625561508
6083,shrub,C,0.000465843676172096
6083,urban+shrub,S,0.00033274548298006855
6083,crop,S,0.00026619638638405486
6083,crop,C,0.00019964728978804112
6083,urban+shrub,C,0.00013309819319202743
6083,crop,H,6.654909659601372e-05
6083,grass,H,6.654909659601372e-05
6083,grass,S,6.654909659601372e-05
6081,urban+forest,W,0.27925422048415083
6081,urban+forest,M,0.269009391093608
6081,urban,W,0.0898350362149211
6081,forest,W,0.08843050315331442
6081,urban,M,0.08749414777890997
6081,forest,M,0.08278483104293465
6081,urban+forest,C,0.04084161824240588
6081,urban+forest,S,0.01660653796370246
6081,urban,C,0.01275095701027237
6081,urban+shrub,W,0.006884965988268018
6081,urban+shrub,M,0.006747266668502658
6081,urban,S,0.005370273470849054
6081,urban+forest,H,0.004268678912726171
6081,urban+barren,W,0.0014045330616066756
6081,forest,S,0.0012117540139351712
6081,urban+barren,M,0.0011291344220759549
6081,urban,H,0.0011015945581228828
6081,forest,C,0.0010465148302167388
6081,urban+shrub,C,0.0006334168709206577
6081,forest,H,0.0005783371430145135
6081,urban+shrub,H,0.0005232574151083694
6081,barren,W,0.00041309795929608107
6081,shrub,W,0.00041309795929608107
6081,barren,M,0.00035801823138993693
6081,shrub,M,0.0002753986395307207
6081,urban+barren,C,0.0001927790476715045
6081,urban+shrub,S,0.0001927790476715045
6081,urban+barren,S,0.00011015945581228829
6081,shrub,C,8.261959185921622e-05
6081,crop,W,5.5079727906144145e-05
6079,urban+grass,W,0.2278814200638305
6079,urban+grass,M,0.2178462145888856
6079,shrub,W,0.0659033330043102
6079,shrub,M,0.05971769815418024
6079,forest,W,0.05491396045141973
6079,forest,M,0.05402559799953937
6079,urban+forest,W,0.04293751850755108
6079,urban+forest,M,0.041753035238377256
6079,urban+shrub,W,0.036225446648899415
6079,urban+grass,C,0.03326423847596486
6079,urban+shrub,M,0.033033922284736617
6079,shrub,H,0.020202020202020204
6079,urban+grass,H,0.01908334155891159
6079,urban+crop,W,0.01450992004737933
6079,urban+grass,S,0.014411213108281511
6079,urban+crop,M,0.013786069160661994
6079,forest,H,0.00845589444937979
6079,grass,W,0.00457342151153226
6079,grass,M,0.004474714572434442
6079,crop,W,0.004277300694238805
6079,urban+shrub,H,0.0040798868160431675
6079,crop,M,0.003948277563912743
6079,urban+forest,H,0.0038824729378475306
6079,urban+forest,C,0.003257328990228013
6079,urban+crop,H,0.002237357286217221
6079,shrub,S,0.0017438225907281282
6079,urban+shrub,C,0.0014806040864672786
6079,urban+shrub,S,0.0014147994604020663
6079,urban+forest,S,0.0011186786431086105
6079,crop,H,0.0009870693909781857
6079,forest,C,0.0009870693909781857
6079,shrub,C,0.0009541670779455796
6079,forest,S,0.0007896555127825486
6079,crop,S,0.0005593393215543053
6079,urban+crop,C,0.0003619254433586681
6079,grass,S,0.0003290231303260619
6079,urban+crop,S,0.00019741387819563716
6079,crop,C,0.00013160925213042478
6079,grass,C,0.00013160925213042478
6079,grass,H,0.00013160925213042478
6077,urban+crop,W,0.18646269907795474
6077,urban+crop,M,0.18250209555741828
6077,urban,W,0.15129924559932942
6077,urban,M,0.1459555741827326
6077,urban+forest,W,0.052933780385582566
6077,urban+forest,M,0.049706621961441745
6077,urban+grass,W,0.02814333612740989
6077,urban+grass,M,0.026781223805532273
6077,forest,W,0.02168901927912825
6077,forest,M,0.020054484492875106
6077,crop,M,0.01978206202849958
6077,crop,W,0.018692372170997486
6077,urban,C,0.016345347862531435
6077,urban+crop,C,0.014920368818105616
6077,shrub,M,0.007271584241408215
6077,shrub,W,0.0070620284995808885
6077,urban+crop,H,0.006475272422464376
6077,urban+crop,S,0.00586756077116513
6077,urban,H,0.005658005029337804
6077,urban,S,0.005238893545683152
6077,urban+shrub,M,0.005092204526404023
6077,urban+shrub,W,0.005092204526404023
6077,urban+forest,H,0.0025775356244761107
6077,crop,H,0.0023051131601005866
6077,urban+forest,C,0.0023051131601005866
6077,forest,H,0.001592623637887678
6077,urban+forest,S,0.0012363788767812238
6077,crop,S,0.0008382229673093043
6077,urban+barren,M,0.0008172673931265717
6077,urban+barren,W,0.000796311818943839
6077,grass,M,0.0007753562447611065
6077,grass,W,0.0006705783738474435
6077,urban+shrub,H,0.0006077116512992456
6077,forest,S,0.00037720033528918694
6077,shrub,H,0.0003562447611064543
6077,forest,C,0.0003143336127409891
6077,urban+grass,C,0.0003143336127409891
6077,crop,C,0.0002933780385582565
6077,urban+grass,H,0.00020955574182732607
6077,shrub,C,0.00014668901927912824
6077,urban+grass,S,0.00012573344509639564
6077,urban+shrub,C,0.00012573344509639564
6077,urban+shrub,S,8.382229673093043e-05
6077,shrub,S,6.286672254819782e-05
6077,urban+barren,C,4.191114836546522e-05
6075,urban,M,0.347974951570032
6075,urban,W,0.3465783664459161
6075,urban,C,0.16065234040636123
6075,urban,S,0.0967247826282831
6075,urban+forest,W,0.018876424742082263
6075,urban+forest,M,0.016128305626886517
6075,urban+shrub,W,0.0021174032526918053
6075,urban+shrub,M,0.0020723521196558095
6075,urban+barren,W,0.0018020453214398341
6075,urban+forest,C,0.0017119430553678425
6075,urban+barren,M,0.001576789656259855
6075,urban+forest,S,0.000630715862503942
6075,barren,W,0.0005856647294679461
6075,barren,C,0.0005406135964319503
6075,urban,H,0.0004054601973239627
6075,urban+barren,C,0.0004054601973239627
6075,barren,M,0.00036040906428796683
6075,forest,W,0.00036040906428796683
6075,forest,M,0.00027030679821597514
6075,barren,S,0.00013515339910798757
6075,urban+shrub,C,4.5051133035995854e-05
6075,urban+shrub,S,4.5051133035995854e-05
6073,urban,W,0.27095321361303815
6073,urban,M,0.2686650028278342
6073,urban+forest,W,0.07461331313204689
6073,urban+forest,M,0.073269443305816
6073,urban,C,0.04406232650329222
6073,urban+shrub,W,0.04306609867844153
6073,urban+shrub,M,0.04162883249363089
6073,forest,W,0.026856641778266667
6073,forest,M,0.026451924224421074
6073,urban,S,0.02055238757413336
6073,shrub,W,0.015700965614573983
6073,shrub,M,0.015062757164279007
6073,urban,H,0.013620302292880603
6073,urban+grass,W,0.009225484753044463
6073,urban+grass,M,0.008779257706496754
6073,urban+barren,W,0.005915102710051005
6073,urban+forest,C,0.0052717055731682635
6073,urban+barren,M,0.005136799721886399
6073,urban+shrub,H,0.003595759805320479
6073,urban+forest,S,0.0034971747601529623
6073,shrub,H,0.0032481178039402885
6073,shrub,C,0.0031962309380626484
6073,urban+shrub,C,0.0027448152049271766
6073,forest,H,0.0024490600694246265
6073,urban+forest,H,0.0022311352327385368
6073,shrub,S,0.0022103804863874807
6073,urban+shrub,S,0.0013542471994064142
6073,forest,S,0.0010169825712017517
6073,barren,W,0.0008820767199198867
6073,forest,C,0.0008509446003933024
6073,barren,M,0.0007575482418135497
6073,urban+grass,C,0.0004669817928987635
6073,urban+barren,C,0.0003839628074945389
6073,barren,H,0.0003113211952658424
6073,urban+barren,H,0.0003061325086780783
6073,urban+grass,S,0.00028537776232702216
6073,urban+grass,H,0.000264623015975966
6073,urban+barren,S,0.00019198140374726945
6073,urban+crop,W,0.0001452832244573931
6073,urban+crop,M,0.000134905851281865
6073,grass,M,0.0001193397915185729
6073,urban+other,M,8.820767199198867e-05
6073,grass,W,7.78302988164606e-05
6073,urban+other,W,7.78302988164606e-05
6073,barren,S,5.707555246540443e-05
6073,crop,W,3.632080611434828e-05
6073,grass,H,3.632080611434828e-05
6073,urban+other,H,3.632080611434828e-05
6073,crop,M,3.1132119526584234e-05
6073,urban+other,S,3.1132119526584234e-05
6073,barren,C,2.5943432938820196e-05
6073,grass,S,1.0377373175528079e-05
6073,urban+crop,C,1.0377373175528079e-05
6073,urban+crop,S,5.1886865877640395e-06
6071,urban,W,0.21902543807422453
6071,urban,M,0.2117465765418695
6071,urban+barren,W,0.08504068457488413
6071,urban+barren,M,0.0778085198286228
6071,urban+grass,W,0.03669783677138421
6071,urban+grass,M,0.035267747697264734
6071,urban+shrub,W,0.03187639360720999
6071,urban+shrub,M,0.030487164220922496
6071,urban,C,0.027667845760515532
6071,forest,W,0.026506263206434816
6071,forest,M,0.02599843565766586
6071,shrub,W,0.019390840425407722
6071,barren,W,0.018059982021737354
6071,shrub,M,0.01784984648431572
6071,urban+forest,W,0.016425594508457955
6071,urban+forest,M,0.01564926043965024
6071,barren,M,0.014633605342112329
6071,barren,H,0.012036096615650428
6071,urban,S,0.011884332060845913
6071,shrub,H,0.009672071819657012
6071,urban+barren,H,0.007097911486241959
6071,grass,W,0.0070278663071014135
6071,grass,M,0.006555061347902731
6071,urban,H,0.006269043533078836
6071,urban+barren,C,0.004821443164174225
6071,grass,H,0.004646330216322861
6071,urban+barren,S,0.0032804492230822215
6071,urban+shrub,H,0.002655879709079023
6071,urban+shrub,C,0.0019729392124587025
6071,urban+grass,H,0.0013658809932406402
6071,urban+grass,C,0.001144071259295579
6071,urban+shrub,S,0.0008989131323036692
6071,urban+crop,W,0.0008697276409951085
6071,urban+grass,S,0.0008347050514248357
6071,forest,H,0.0007996824618545629
6071,forest,S,0.0007880082653311386
6071,urban+crop,M,0.0007704969705460021
6071,urban+forest,H,0.0007121259879288808
6071,urban+forest,C,0.0006595921035734716
6071,barren,S,0.0006128953174797745
6071,forest,C,0.000466967860936971
6071,urban+forest,S,0.0004202710748432739
6071,barren,C,0.00038524848527300107
6071,shrub,S,0.0002918549130856069
6071,shrub,C,0.00025683232351533407
6071,urban+crop,S,0.00015176455480451557
6071,urban+crop,C,0.00013425326001937916
6071,grass,C,0.00012841616175766703
6071,urban+crop,H,9.33935721873942e-05
6071,crop,W,5.8370982617121376e-05
6071,grass,S,5.8370982617121376e-05
6071,crop,H,3.502258957027283e-05
6071,crop,M,1.1674196523424276e-05
6069,urban+grass,W,0.2889056224899598
6069,urban+grass,M,0.2873995983935743
6069,urban+crop,W,0.03639558232931727
6069,shrub,W,0.035391566265060244
6069,shrub,M,0.0338855421686747
6069,urban+crop,M,0.03187751004016064
6069,crop,M,0.03137550200803213
6069,crop,W,0.03112449799196787
6069,urban+shrub,W,0.03112449799196787
6069,urban+shrub,M,0.029116465863453816
6069,forest,M,0.02610441767068273
6069,forest,W,0.024347389558232933
6069,urban+grass,C,0.02033132530120482
6069,urban+forest,W,0.014558232931726908
6069,urban+forest,M,0.01355421686746988
6069,urban+grass,S,0.00928714859437751
6069,forest,H,0.008785140562248996
6069,urban+grass,H,0.00677710843373494
6069,urban+crop,H,0.0057730923694779114
6069,grass,W,0.00426706827309237
6069,crop,H,0.0037650602409638554
6069,urban+crop,C,0.003263052208835341
6069,urban+shrub,S,0.0030120481927710845
6069,shrub,H,0.0027610441767068274
6069,crop,S,0.0025100401606425703
6069,grass,M,0.0025100401606425703
6069,forest,S,0.002008032128514056
6069,shrub,S,0.002008032128514056
6069,urban+crop,S,0.0017570281124497991
6069,crop,C,0.0015060240963855422
6069,shrub,C,0.0015060240963855422
6069,forest,C,0.001004016064257028
6069,grass,C,0.000502008032128514
6069,urban+forest,H,0.000502008032128514
6069,urban+forest,S,0.000502008032128514
6069,urban+shrub,H,0.000502008032128514
6067,urban,W,0.28729166666666667
6067,urban,M,0.27592261904761906
6067,urban+forest,W,0.07907738095238095
6067,urban+forest,M,0.07560515873015873
6067,urban+crop,W,0.04181547619047619
6067,urban+crop,M,0.03996031746031746
6067,urban,C,0.028353174603174602
6067,urban+grass,W,0.018839285714285715
6067,urban+grass,M,0.01814484126984127
6067,urban+shrub,W,0.01564484126984127
6067,urban,S,0.015595238095238096
6067,shrub,W,0.013968253968253968
6067,urban+shrub,M,0.013244047619047619
6067,forest,W,0.011984126984126984
6067,forest,M,0.011180555555555555
6067,shrub,M,0.010694444444444444
6067,urban,H,0.008214285714285714
6067,crop,W,0.004950396825396826
6067,crop,M,0.0039880952380952385
6067,shrub,H,0.0033035714285714287
6067,urban+forest,C,0.0028968253968253968
6067,urban+forest,S,0.0027678571428571427
6067,urban+grass,C,0.0019246031746031746
6067,urban+crop,C,0.0017857142857142857
6067,urban+forest,H,0.0016170634920634921
6067,urban+crop,H,0.001507936507936508
6067,urban+barren,W,0.0012599206349206348
6067,urban+crop,S,0.0012301587301587302
6067,urban+shrub,H,0.0011507936507936507
6067,urban+barren,M,0.001140873015873016
6067,crop,H,0.000873015873015873
6067,urban+grass,S,0.0007142857142857143
6067,forest,H,0.0004464285714285714
6067,urban+grass,H,0.0003968253968253968
6067,urban+shrub,C,0.00032738095238095237
6067,shrub,S,0.00029761904761904765
6067,forest,S,0.0002777777777777778
6067,crop,C,0.0002380952380952381
6067,crop,S,0.0001984126984126984
6067,grass,M,0.00017857142857142857
6067,shrub,C,0.00016865079365079366
6067,grass,W,0.00015873015873015873
6067,urban+barren,S,0.00015873015873015873
6067,forest,C,0.00012896825396825398
6067,urban+barren,C,0.00012896825396825398
6067,urban+shrub,S,0.00010912698412698413
6067,urban+barren,H,7.936507936507937e-05
6067,grass,C,5.9523809523809524e-05
6065,urban,W,0.16011138007186138
6065,urban,M,0.15347607905761543
6065,urban+barren,W,0.0881438844558093
6065,urban+barren,M,0.08568786290750502
6065,urban+grass,W,0.06657536600279966
6065,urban+grass,M,0.06383634608678954
6065,urban+shrub,W,0.05497243292686008
6065,urban+shrub,M,0.05262253576644549
6065,shrub,H,0.023387793673975775
6065,urban+grass,H,0.020512328116393187
6065,urban+forest,W,0.019627958217312426
6065,shrub,W,0.019415709441533043
6065,urban+forest,M,0.018885087502084588
6065,shrub,M,0.017803629454065828
6065,urban+shrub,H,0.01652508325710907
6065,urban+barren,H,0.01537287561716385
6065,urban,C,0.014604737190533705
6065,urban,H,0.013250387859370025
6065,forest,W,0.009546141367791753
6065,forest,M,0.008980144632380067
6065,urban+barren,C,0.008676932095552377
6065,barren,W,0.006928406466512702
6065,barren,M,0.00607435782111471
6065,urban,S,0.005665020896397329
6065,urban+barren,S,0.0051040777032661045
6065,barren,H,0.004800865166438415
6065,urban+crop,W,0.004563348679256725
6065,urban+crop,M,0.004098422789454268
6065,urban+shrub,C,0.0033100701937022756
6065,grass,W,0.002425700294621515
6065,grass,M,0.002304415279890439
6065,crop,W,0.0022235586034030554
6065,forest,H,0.002208397976561671
6065,grass,H,0.002208397976561671
6065,urban+forest,H,0.0021831302651593634
6065,urban+grass,C,0.002127541300074287
6065,urban+shrub,S,0.0018344358478075207
6065,crop,M,0.0017080972907959834
6065,crop,H,0.0014857414304556779
6065,urban+crop,H,0.0012482249432739878
6065,urban+grass,S,0.0008237273917152228
6065,shrub,C,0.0006367463273381477
6065,barren,C,0.0006013715313749172
6065,shrub,S,0.0005761038199726098
6065,urban+forest,C,0.0005104077703266105
6065,urban+crop,C,0.0004699794320829185
6065,urban+forest,S,0.0003436408750713813
6065,forest,C,0.00033858733279091977
6065,forest,S,0.00032342670594953535
6065,barren,S,0.00021730231805984406
6065,urban+crop,S,0.00017687397981615212
6065,crop,S,0.00016171335297476768
6065,crop,C,0.00013139209929199873
6065,grass,C,9.60173033287683e-05
6065,grass,S,7.580313420692234e-05
6063,forest,W,0.3450722067392957
6063,forest,M,0.26247783126425134
6063,urban+forest,W,0.14796047631112239
6063,urban+forest,M,0.11831770965290093
6063,urban+forest,C,0.023815556118571068
6063,forest,H,0.022802128198631873
6063,urban+forest,H,0.02001520141879909
6063,forest,S,0.01418799087914872
6063,urban+forest,S,0.013174562959209527
6063,forest,C,0.012161135039270332
6063,shrub,W,0.00709399543957436
6063,shrub,M,0.004560425639726374
6063,shrub,H,0.002533569799847986
6063,urban+grass,W,0.0020268558398783888
6063,shrub,S,0.0010134279199391944
6063,urban+shrub,M,0.0010134279199391944
6063,shrub,C,0.0005067139599695972
6063,urban+grass,S,0.0005067139599695972
6063,urban+grass,M,0.0002533569799847986
6063,urban+shrub,C,0.0002533569799847986
6063,urban+shrub,W,0.0002533569799847986
6061,forest,W,0.1751560796749579
6061,forest,M,0.15778911901694578
6061,urban,W,0.12412050341888811
6061,urban,M,0.11847190565850758
6061,urban+forest,W,0.0958279655138242
6061,urban+forest,M,0.0891636111386384
6061,urban+grass,M,0.06260529184421762
6061,urban+grass,W,0.06235754632841146
6061,urban+shrub,W,0.015632742047368944
6061,urban+shrub,M,0.015186800118917848
6061,urban,C,0.01318006144088792
6061,shrub,W,0.012362501238727579
6061,shrub,M,0.009934595183827173
6061,urban+forest,C,0.00953820235853731
6061,urban,S,0.006391834307799029
6061,urban+forest,H,0.005599048657219305
6061,forest,H,0.004855812109800813
6061,urban+forest,S,0.003691408185511842
6061,forest,C,0.0023535824001585572
6061,urban,H,0.002204935090674859
6061,forest,S,0.001833316816965613
6061,urban+barren,W,0.0015607967495788325
6061,shrub,H,0.0013873748885145178
6061,urban+crop,M,0.0012387275790308196
6061,urban+grass,C,0.0012387275790308196
6061,urban+crop,W,0.0011644039242889703
6061,urban+barren,M,0.0010653057179665047
6061,crop,W,0.0007680110989991081
6061,crop,M,0.0007432365474184917
6061,urban+grass,H,0.0005202655831929442
6061,grass,W,0.0002972946189673967
6061,urban+barren,C,0.0002972946189673967
6061,urban+grass,S,0.0002972946189673967
6061,urban+shrub,H,0.0002477455158061639
6061,grass,M,0.00019819641264493112
6061,urban+shrub,C,0.00017342186106431473
6061,shrub,C,0.00014864730948369834
6061,shrub,S,0.00014864730948369834
6061,crop,S,7.432365474184917e-05
6061,crop,H,4.954910316123278e-05
6061,urban+crop,S,4.954910316123278e-05
6061,urban+shrub,S,4.954910316123278e-05
6061,urban+barren,S,2.477455158061639e-05
6059,urban,W,0.37291686566688953
6059,urban,M,0.363192918776069
6059,urban,C,0.06386474352851275
6059,urban+forest,W,0.042137103193555576
6059,urban+forest,M,0.04121374215939122
6059,urban,S,0.021886840513261376
6059,urban,H,0.016856114878848666
6059,urban+grass,W,0.012678702200146464
6059,urban+grass,M,0.012634126150221288
6059,urban+shrub,W,0.011430572802241539
6059,urban+shrub,M,0.011194956538351323
6059,forest,M,0.005393702040946286
6059,forest,W,0.005393702040946286
6059,urban+barren,W,0.005209029834113414
6059,urban+barren,M,0.004947941541694527
6059,urban+grass,C,0.0013245454834909416
6059,urban+forest,C,0.0012035533479797498
6059,shrub,M,0.0008596809628426783
6059,shrub,W,0.0007386888273314866
6059,urban+grass,S,0.0006559047346133028
6059,urban+forest,H,0.00043939249211959116
6059,urban+forest,S,0.00043939249211959116
6059,urban+barren,H,0.00043302448498742317
6059,urban+barren,S,0.0002801923138153915
6059,urban+barren,C,0.0002738243066832235
6059,urban+crop,W,0.00025472028528671954
6059,urban+shrub,C,0.00024835227815455155
6059,forest,C,0.00024198427102238354
6059,urban+shrub,H,0.00024198427102238354
6059,urban+crop,M,0.00023561626389021555
6059,grass,W,0.00017830419970070365
6059,urban+other,W,0.00017830419970070365
6059,grass,M,0.0001655681854363677
6059,urban+shrub,S,0.00015283217117203172
6059,urban+other,M,0.00014646416403986374
6059,barren,M,0.0001018881141146878
6059,barren,W,0.0001018881141146878
6059,forest,S,7.641608558601586e-05
6059,shrub,C,3.184003566083994e-05
6059,shrub,H,2.547202852867195e-05
6059,forest,H,1.2736014264335975e-05
6059,urban+crop,S,6.368007132167988e-06
6057,forest,W,0.3782857142857143
6057,forest,M,0.3703571428571429
6057,urban+forest,W,0.07371428571428572
6057,forest,H,0.07171428571428572
6057,urban+forest,M,0.06992857142857142
6057,urban+forest,C,0.012785714285714286
6057,urban+forest,H,0.009285714285714286
6057,urban+forest,S,0.006214285714285714
6057,forest,S,0.003928571428571429
6057,forest,C,0.0037142857142857142
6057,shrub,H,7.142857142857143e-05
6055,urban+grass,W,0.22696667518963606
6055,urban+grass,M,0.21588681496633427
6055,forest,W,0.11650899173271968
6055,forest,M,0.10517344242734168
6055,urban+forest,W,0.08412170800306827
6055,urban+forest,M,0.07909315605556975
6055,urban+grass,C,0.029489474132787862
6055,shrub,M,0.024972300349441746
6055,shrub,W,0.02301201738685758
6055,urban+grass,H,0.018068695133384473
6055,urban+grass,S,0.012784454103809767
6055,urban+forest,H,0.011079860223301798
6055,urban+shrub,W,0.007926361544362055
6055,urban+shrub,M,0.0076706724622858605
6055,urban+forest,C,0.0063069973578794855
6055,crop,M,0.005454700417625501
6055,crop,W,0.0050285519474985085
6055,urban+forest,S,0.004858092559447712
6055,forest,S,0.003920565925168328
6055,forest,H,0.0038353362311429303
6055,forest,C,0.0025568908207619537
6055,grass,M,0.0017898235745333673
6055,grass,W,0.0012784454103809768
6055,shrub,H,0.0005113781641523907
6055,shrub,S,0.0005113781641523907
6055,urban+shrub,C,0.00042614847012699224
6055,shrub,C,0.0003409187761015938
6055,crop,C,0.0001704593880507969
6055,crop,H,0.0001704593880507969
6055,urban+crop,W,8.522969402539845e-05
6053,urban+crop,W,0.1875048266275388
6053,forest,W,0.1566530233994903
6053,urban+forest,W,0.12259633948567457
6053,forest,M,0.09367518727314851
6053,urban+forest,M,0.08815352536875434
6053,urban+crop,M,0.08460112750019307
6053,shrub,W,0.024133137694030426
6053,urban+crop,C,0.022202486678507993
6053,urban+grass,W,0.02023322264267511
6053,crop,W,0.019460962236466137
6053,urban,M,0.01756892424125415
6053,urban,W,0.017221407058460113
6053,urban+forest,C,0.015985790408525755
6053,forest,H,0.015290756042937679
6053,shrub,M,0.014286817514866013
6053,urban+shrub,W,0.012703683682137618
6053,urban+grass,M,0.010155224341648004
6053,urban+crop,H,0.010039385280716658
6053,urban+forest,S,0.00853347748860916
6053,crop,M,0.008417638427677813
6053,urban+crop,S,0.008301799366746467
6053,shrub,H,0.007877056143331531
6053,urban+shrub,M,0.0074909259402270445
6053,urban+forest,H,0.0054058228434628154
6053,forest,S,0.003552397868561279
6053,forest,C,0.0023167812186269208
6053,urban+grass,H,0.0017761989342806395
6053,urban,C,0.0017375859139701908
6053,shrub,S,0.0016989728936597421
6053,urban+grass,C,0.0016989728936597421
6053,crop,H,0.0016217468530388447
6053,urban+shrub,H,0.0015445208124179473
6053,crop,C,0.0013128426905552552
6053,shrub,C,0.0006950343655880763
6053,urban+barren,W,0.0006950343655880763
6053,urban+barren,M,0.0006178083249671789
6053,crop,S,0.0005405822843462816
6053,urban,S,0.00042474322341493553
6053,urban+grass,S,0.00030890416248358944
6053,urban+shrub,C,0.0002316781218626921
6053,urban+shrub,S,0.0002316781218626921
6053,grass,W,0.00019306510155224342
6053,grass,C,7.722604062089736e-05
6053,grass,H,7.722604062089736e-05
6053,grass,M,7.722604062089736e-05
6053,grass,S,7.722604062089736e-05
6051,forest,M,0.18838241226300928
6051,forest,W,0.1863654699475595
6051,urban+forest,W,0.1335215812827753
6051,urban+forest,M,0.12666397741024607
6051,shrub,H,0.042759177087535294
6051,urban+grass,W,0.03469140782573618
6051,urban+grass,M,0.02864058087938685
6051,urban+shrub,W,0.02379991932230738
6051,shrub,W,0.02218636546994756
6051,urban+barren,H,0.021782977006857603
6051,urban+shrub,H,0.020572811617587738
6051,shrub,M,0.019766034691407825
6051,urban+shrub,M,0.01855586930213796
6051,barren,H,0.014521984671238403
6051,urban+forest,C,0.01371520774505849
6051,urban+grass,H,0.013311819281968536
6051,urban+forest,H,0.011294876966518758
6051,urban+barren,W,0.010488100040338847
6051,urban+barren,M,0.009681323114158934
6051,grass,M,0.00927793465106898
6051,grass,W,0.007664380798709157
6051,forest,H,0.00645421540943929
6051,urban+grass,C,0.0060508269463493344
6051,urban+forest,S,0.005647438483259379
6051,forest,S,0.004437273093989512
6051,forest,C,0.003630496167809601
6051,grass,C,0.003227107704719645
6051,barren,M,0.002016942315449778
6051,urban+shrub,S,0.002016942315449778
6051,barren,W,0.0016135538523598225
6051,grass,H,0.0016135538523598225
6051,urban+grass,S,0.0016135538523598225
6051,crop,M,0.0008067769261799112
6051,crop,W,0.0008067769261799112
6051,grass,S,0.0008067769261799112
6051,shrub,C,0.0008067769261799112
6051,shrub,S,0.0008067769261799112
6049,shrub,H,0.22100054975261132
6049,urban+grass,M,0.1451346893897746
6049,urban+grass,W,0.1451346893897746
6049,shrub,W,0.07696536558548653
6049,shrub,M,0.06487080813633865
6049,forest,H,0.05332600329851567
6049,urban+shrub,W,0.038482682792743264
6049,urban+grass,H,0.035733919736118745
6049,urban+shrub,M,0.034634414513468936
6049,urban+shrub,H,0.029686641011544807
6049,urban+crop,M,0.019791094007696537
6049,urban+crop,W,0.019241341396371632
6049,forest,W,0.015393073117097306
6049,crop,M,0.013743815283122594
6049,crop,W,0.013743815283122594
6049,forest,M,0.013743815283122594
6049,urban+crop,H,0.010445299615173173
6049,shrub,C,0.009895547003848268
6049,urban+grass,C,0.008796041781198461
6049,crop,H,0.006597031335898846
6049,urban+forest,H,0.005497526113249038
6049,shrub,S,0.004947773501924134
6049,grass,M,0.0021990104452996153
6049,urban+shrub,C,0.0021990104452996153
6049,urban+crop,C,0.0016492578339747114
6049,urban+forest,M,0.0016492578339747114
6049,urban+forest,W,0.0016492578339747114
6049,urban+grass,S,0.0016492578339747114
6049,grass,W,0.0010995052226498076
6049,urban+crop,S,0.0005497526113249038
6049,urban+shrub,S,0.0005497526113249038
6047,urban+crop,W,0.3142083111605631
6047,urban+crop,M,0.2838759614919452
6047,crop,W,0.06380920129650235
6047,crop,M,0.04363601180397659
6047,urban+forest,W,0.034879783271249576
6047,urban+forest,M,0.03212229693773886
6047,urban+crop,C,0.02597842387886411
6047,urban+grass,W,0.022446906293841613
6047,forest,W,0.022398529340622128
6047,urban+grass,M,0.02196313676164675
6047,forest,M,0.01760921097189299
6047,shrub,W,0.016544918001064293
6047,urban+crop,H,0.01528711721735765
6047,shrub,M,0.014561462919065358
6047,urban+crop,S,0.013352039088578202
6047,crop,S,0.00953025978423879
6047,urban+shrub,W,0.007885443374776256
6047,urban+shrub,M,0.006482511731411155
6047,crop,C,0.003676648444680954
6047,crop,H,0.0036282714914614676
6047,grass,W,0.0024188476609743118
6047,grass,M,0.002273716801315853
6047,shrub,S,0.0021285859416573945
6047,urban+forest,C,0.002031832035218422
6047,urban+grass,H,0.0019834550819989357
6047,forest,S,0.0019350781287794496
6047,urban+grass,C,0.0017899472691209907
6047,urban+grass,S,0.0016931933626820183
6047,shrub,H,0.0016448164094625321
6047,urban+forest,S,0.0013061777369261284
6047,shrub,C,0.0012094238304871559
6047,urban+forest,H,0.001015916017609211
6047,forest,C,0.0009675390643897248
6047,grass,C,0.0007740312515117798
6047,grass,H,0.0006289003918533211
6047,urban+shrub,S,0.0006289003918533211
6047,forest,H,0.0005805234386338349
6047,grass,S,0.0003870156257558899
6047,urban+shrub,H,0.0003870156257558899
6047,urban+shrub,C,0.0003386386725364037
6045,forest,W,0.26156299840510366
6045,forest,M,0.23349282296650717
6045,urban+forest,W,0.14630515683147263
6045,urban+forest,M,0.1390749601275917
6045,forest,H,0.11089845826687932
6045,urban+forest,H,0.04380648591174907
6045,urban+forest,C,0.03359914938862307
6045,urban+forest,S,0.014885699096225412
6045,forest,C,0.009569377990430622
6045,forest,S,0.006804891015417331
6043,forest,W,0.35157159487776485
6043,forest,M,0.31955762514551805
6043,shrub,W,0.08032596041909197
6043,urban+forest,W,0.07217694994179279
6043,shrub,M,0.0710128055878929
6043,urban+forest,M,0.06693830034924331
6043,urban+shrub,M,0.006984866123399301
6043,forest,S,0.005820721769499418
6043,urban+forest,C,0.005238649592549476
6043,forest,H,0.002910360884749709
6043,urban+shrub,C,0.002910360884749709
6043,urban+shrub,H,0.002910360884749709
6043,urban+shrub,W,0.002910360884749709
6043,shrub,C,0.002328288707799767
6043,forest,C,0.0011641443538998836
6043,grass,H,0.0011641443538998836
6043,shrub,H,0.0011641443538998836
6043,shrub,S,0.0011641443538998836
6043,urban+forest,S,0.0011641443538998836
6043,urban+shrub,S,0.0005820721769499418
6041,forest,W,0.21488210891141102
6041,urban+forest,W,0.21225647219450716
6041,forest,M,0.2108386283673791
6041,urban+forest,M,0.2062175077456283
6041,urban+forest,C,0.03329307357034081
6041,urban+grass,W,0.017644278737593867
6041,urban+grass,M,0.017171664128551173
6041,urban+forest,S,0.014546027411647325
6041,shrub,W,0.012287979835110013
6041,shrub,M,0.010922648742320013
6041,urban,W,0.008297012025416163
6041,urban,M,0.008139473822401933
6041,forest,C,0.006038964448878853
6041,urban+forest,H,0.005146247965131545
6041,urban+shrub,M,0.003518353200651158
6041,urban+shrub,W,0.003098251325946542
6041,forest,S,0.002730662185580003
6041,urban,C,0.0023630730452134643
6041,urban+barren,W,0.0023630730452134643
6041,urban+barren,M,0.0021530221078611563
6041,grass,W,0.0016278947644803865
6041,grass,M,0.0013653310927900016
6041,forest,H,0.0007876910150711548
6041,urban,S,0.0007351782807330778
6041,urban+shrub,C,0.00047261460904269285
6041,shrub,S,0.0003150764060284619
6041,urban+shrub,S,0.0002625636716903849
6041,urban+grass,C,0.00021005093735230792
6041,urban+barren,C,0.00015753820301423095
6041,shrub,C,0.00010502546867615396
6041,urban+barren,S,5.251273433807698e-05
6039,urban+crop,W,0.13943100604727873
6039,urban+crop,M,0.13255909840571742
6039,forest,W,0.12362561847168774
6039,forest,M,0.11991478834524465
6039,urban+forest,W,0.07181143485431556
6039,urban+forest,M,0.0698873007146784
6039,forest,H,0.041918636613523914
6039,urban+grass,M,0.04136888400219901
6039,urban+grass,W,0.04020065970313359
6039,shrub,W,0.03779549202858713
6039,urban+shrub,M,0.035252886201209456
6039,shrub,M,0.035184167124793844
6039,urban+shrub,W,0.034634414513468936
6039,urban+crop,C,0.013056624518966465
6039,crop,W,0.011063771302913689
6039,urban+forest,H,0.0090021990104453
6039,crop,M,0.008727322704782848
6039,urban+crop,S,0.005016492578339747
6039,urban+crop,H,0.0048790544255085215
6039,urban+forest,C,0.004604178119846069
6039,shrub,H,0.0035046728971962616
6039,forest,C,0.0033672347443650355
6039,urban+forest,S,0.0033672347443650355
6039,forest,S,0.00254260582737768
6039,crop,H,0.0017866959868059373
6039,urban+shrub,H,0.0013743815283122594
6039,crop,S,0.0009620670698185816
6039,urban+grass,C,0.0007559098405717427
6039,urban+grass,S,0.0006184716877405168
6039,grass,M,0.00041231445849367786
6039,crop,C,0.0002748763056624519
6039,grass,W,0.0002748763056624519
6039,shrub,S,0.00020615722924683893
6039,grass,H,0.00013743815283122595
6039,shrub,C,0.00013743815283122595
6039,urban+grass,H,0.00013743815283122595
6039,urban+shrub,C,0.00013743815283122595
6039,urban+shrub,S,6.871907641561298e-05
6037,urban,W,0.3388898748879518
6037,urban,M,0.33519425055209706
6037,urban,C,0.08465787954286587
6037,urban+forest,W,0.03590259727130376
6037,urban+forest,M,0.03527804799144502
6037,urban,S,0.03472089611588759
6037,urban+grass,W,0.028650636568483625
6037,urban+grass,M,0.028023840708481514
6037,urban+shrub,W,0.015858609232096442
6037,urban+shrub,M,0.015440745325428367
6037,urban,H,0.008148346180027454
6037,forest,W,0.005425491046254839
6037,forest,M,0.005337874420663145
6037,shrub,W,0.005106476665895341
6037,shrub,M,0.004684119598940513
6037,urban+barren,W,0.0025049368598650703
6037,urban+barren,M,0.002280278845527396
6037,urban+grass,H,0.001619784283374633
6037,urban+grass,C,0.0014939757953455353
6037,shrub,H,0.0013075096434452655
6037,urban+forest,C,0.001258084880290977
6037,grass,W,0.0010334268659533026
6037,grass,M,0.0010064679042327816
6037,urban+grass,S,0.0009884952630857676
6037,urban+shrub,H,0.0009031252176374514
6037,urban+shrub,C,0.0008671799353434235
6037,urban+forest,S,0.0006312890202888653
6037,urban+shrub,S,0.00038416520451742335
6037,urban+forest,H,0.0003661925633704094
6037,urban+barren,C,0.00028306909806546986
6037,forest,H,0.00027857593777871637
6037,grass,H,0.0002673430370618326
6037,shrub,S,0.00021791827390754424
6037,urban+barren,H,0.00020668537319066052
6037,urban+barren,S,0.00019320589233040006
6037,shrub,C,0.00013254822845922793
6037,forest,S,0.000105589266738707
6037,forest,C,6.290424401454885e-05
6037,grass,S,5.616450358441862e-05
6037,urban+crop,M,4.9424763154288387e-05
6037,barren,W,4.717818301091164e-05
6037,grass,C,4.493160286753489e-05
6037,urban+crop,W,2.6958961720520937e-05
6037,urban+other,M,1.797264114701396e-05
6037,urban+other,W,1.797264114701396e-05
6037,barren,M,1.5726061003637212e-05
6037,barren,H,4.49316028675349e-06
6037,crop,S,4.49316028675349e-06
6037,urban+crop,C,2.246580143376745e-06
6035,shrub,W,0.10838562464346833
6035,forest,W,0.10781517398745008
6035,urban+grass,W,0.1006845407872219
6035,urban+grass,M,0.09669138619509413
6035,forest,M,0.08357102110667428
6035,shrub,M,0.08128921848260126
6035,urban+forest,M,0.07929264118653737
6035,urban+forest,W,0.0775812892184826
6035,urban+shrub,W,0.043069024529378205
6035,shrub,H,0.03736451796919567
6035,urban+shrub,M,0.03194523673702225
6035,grass,W,0.021962350256702796
6035,forest,H,0.018539646320593267
6035,grass,M,0.018539646320593267
6035,urban+grass,C,0.011123787792355962
6035,urban+shrub,H,0.010553337136337706
6035,urban+forest,C,0.009697661152310326
6035,grass,H,0.007701083856246435
6035,urban+grass,H,0.007415858528237307
6035,crop,M,0.005419281232173417
6035,shrub,S,0.005419281232173417
6035,forest,C,0.004563605248146035
6035,crop,W,0.003993154592127781
6035,urban+forest,S,0.003993154592127781
6035,urban+forest,H,0.0037079292641186536
6035,urban+shrub,S,0.0034227039361095267
6035,shrub,C,0.002852253280091272
6035,urban+shrub,C,0.002852253280091272
6035,crop,H,0.0022818026240730175
6035,urban+crop,H,0.0019965772960638907
6035,urban+grass,S,0.0019965772960638907
6035,forest,S,0.0017113519680547634
6035,grass,C,0.0011409013120365088
6035,grass,S,0.0005704506560182544
6035,urban+crop,M,0.0005704506560182544
6035,urban+crop,W,0.0002852253280091272
6033,forest,W,0.17245042492917848
6033,forest,M,0.1391643059490085
6033,urban+forest,W,0.13482648725212465
6033,forest,H,0.13279036827195467
6033,urban+forest,M,0.1248229461756374
6033,urban+forest,H,0.10154036827195467
6033,urban+grass,M,0.03780099150141643
6033,urban+grass,W,0.03780099150141643
6033,shrub,H,0.023990793201133145
6033,urban+grass,H,0.01761685552407932
6033,shrub,W,0.014606940509915014
6033,shrub,M,0.012570821529745042
6033,urban+forest,C,0.007170679886685552
6033,urban+forest,S,0.005842776203966006
6033,urban+shrub,H,0.005488668555240793
6033,urban+grass,C,0.005311614730878187
6033,urban+shrub,W,0.004691926345609066
6033,urban+shrub,M,0.004337818696883853
6033,forest,C,0.004160764872521246
6033,grass,W,0.0034525495750708213
6033,forest,S,0.002921388101983003
6033,grass,M,0.0025672804532577906
6033,grass,H,0.0013279036827195468
6033,urban+grass,S,0.0008852691218130312
6033,crop,W,0.0004426345609065156
6033,crop,C,0.0003541076487252125
6033,crop,M,0.0003541076487252125
6033,grass,C,0.00017705382436260624
6033,urban+shrub,C,0.00017705382436260624
6033,shrub,S,8.852691218130312e-05
6033,urban+crop,M,8.852691218130312e-05
6033,urban+crop,W,8.852691218130312e-05
6033,urban+shrub,S,8.852691218130312e-05
6031,urban+crop,W,0.37286275944043157
6031,urban+crop,M,0.3613422327877846
6031,crop,W,0.05348815945871811
6031,crop,M,0.04928225290298985
6031,urban+crop,C,0.024686842827100666
6031,urban+grass,M,0.022492456798025053
6031,urban+grass,W,0.02240102404681357
6031,urban+crop,H,0.017006491725336016
6031,urban+crop,S,0.011977690408704398
6031,forest,W,0.009509006125994332
6031,forest,M,0.006217427082380909
6031,urban+grass,H,0.005211666819054586
6031,urban+forest,W,0.005120234067843101
6031,urban+forest,M,0.005028801316631617
6031,urban+shrub,W,0.004937368565420134
6031,shrub,M,0.004114473804516778
6031,shrub,W,0.003748742799670842
6031,urban+barren,M,0.0032001462924019382
6031,urban+barren,H,0.0029258480387674866
6031,urban+grass,C,0.0028344152875560027
6031,urban+barren,W,0.0027429825363445184
6031,urban+shrub,M,0.0027429825363445184
6031,crop,H,0.0013714912681722592
6031,shrub,H,0.0006400292584803877
6031,barren,H,0.0005485965072689037
6031,crop,C,0.0005485965072689037
6031,crop,S,0.0005485965072689037
6031,forest,S,0.0003657310048459358
6031,grass,M,0.0003657310048459358
6031,urban+grass,S,0.0003657310048459358
6031,shrub,S,0.00027429825363445184
6031,urban+shrub,H,0.00027429825363445184
6031,forest,H,0.0001828655024229679
6031,grass,S,0.0001828655024229679
6031,grass,W,0.0001828655024229679
6031,shrub,C,0.0001828655024229679
6031,barren,M,9.143275121148396e-05
6029,urban,W,0.2139268256151196
6029,urban,M,0.2037553954875342
6029,urban+grass,W,0.06681553900409853
6029,urban+grass,M,0.06121920997807764
6029,urban+crop,W,0.03913345406516796
6029,urban+crop,M,0.03617870127040754
6029,urban+barren,W,0.02848545090616958
6029,urban+barren,M,0.025803025557930855
6029,urban,C,0.02542176713280048
6029,urban+forest,W,0.023910349804605057
6029,shrub,W,0.022766574529213927
6029,shrub,H,0.022208303263844445
6029,urban+forest,M,0.021459402785909777
6029,shrub,M,0.020356476627496903
6029,urban+grass,H,0.019553110660257896
6029,urban+shrub,W,0.016952383545975683
6029,urban+shrub,M,0.015931155621519314
6029,forest,W,0.010729701392954889
6029,forest,M,0.01062077041434621
6029,urban,H,0.009885486308737626
6029,urban+barren,H,0.009694857096172438
6029,urban+crop,H,0.009572309745237673
6029,urban,S,0.009490611511281164
6029,crop,W,0.008578314565433478
6029,barren,H,0.006317996759303386
6029,urban+shrub,H,0.0048065794311079645
6029,crop,M,0.004670415707847116
6029,grass,W,0.004643182963194946
6029,urban+grass,C,0.004602333846216691
6029,forest,H,0.004330006399694993
6029,grass,H,0.004030446208521126
6029,urban+crop,C,0.0035947222940864096
6029,urban+grass,S,0.00354025680478207
6029,grass,M,0.0031181492626734387
6029,crop,H,0.0028594381884778255
6029,urban+forest,H,0.002736890837543062
6029,urban+crop,S,0.002478179763347449
6029,urban+barren,C,0.0022875505507822607
6029,barren,W,0.002233085061477921
6029,barren,M,0.0015114173281954222
6029,crop,S,0.0014978009558693373
6029,urban+forest,C,0.0014024863495867431
6029,urban+barren,S,0.0010484606691085361
6029,crop,C,0.0010212279244563663
6029,shrub,S,0.0008033659672390082
6029,urban+forest,S,0.0007897495949129232
6029,shrub,C,0.0006127367546738198
6029,grass,S,0.0005038057760651407
6029,forest,C,0.0003948747974564616
6029,urban+shrub,C,0.00038125842513037674
6029,urban+shrub,S,0.00038125842513037674
6029,forest,S,0.0003267929358260372
6029,barren,S,0.0002859438188477826
6029,grass,C,0.0002859438188477826
6029,barren,C,5.446548930433954e-05
6027,urban+barren,W,0.1273209549071618
6027,urban+barren,M,0.10377984084880637
6027,urban+grass,W,0.09250663129973474
6027,urban+grass,M,0.08687002652519894
6027,urban+barren,H,0.07559681697612732
6027,urban+grass,H,0.046419098143236075
6027,shrub,W,0.03779840848806366
6027,urban+shrub,W,0.03149867374005305
6027,shrub,M,0.03083554376657825
6027,barren,H,0.03050397877984085
6027,shrub,H,0.029840848806366047
6027,barren,W,0.028183023872679045
6027,urban+barren,C,0.02553050397877984
6027,urban+barren,S,0.02486737400530504
6027,urban+shrub,M,0.023541114058355437
6027,grass,W,0.022546419098143235
6027,forest,W,0.021883289124668436
6027,barren,M,0.01956233421750663
6027,grass,H,0.01956233421750663
6027,urban+forest,W,0.019230769230769232
6027,grass,M,0.017572944297082227
6027,forest,M,0.016246684350132625
6027,urban+forest,M,0.013262599469496022
6027,forest,H,0.01226790450928382
6027,urban+forest,H,0.009283819628647215
6027,urban+shrub,H,0.008620689655172414
6027,barren,S,0.006631299734748011
6027,urban+grass,C,0.0033156498673740055
6027,urban+crop,M,0.002652519893899204
6027,urban+crop,W,0.0023209549071618036
6027,barren,C,0.0016578249336870027
6027,urban+shrub,C,0.0016578249336870027
6027,shrub,C,0.001326259946949602
6027,crop,M,0.000663129973474801
6027,forest,C,0.000663129973474801
6027,forest,S,0.000663129973474801
6027,grass,S,0.000663129973474801
6027,shrub,S,0.000663129973474801
6027,urban+forest,C,0.000663129973474801
6027,urban+grass,S,0.000663129973474801
6027,urban+shrub,S,0.000663129973474801
6025,urban+crop,W,0.2916248746238716
6025,urban+crop,M,0.2755767301905717
6025,crop,W,0.048729521899030424
6025,crop,M,0.04488465396188566
6025,urban+crop,H,0.03986960882647944
6025,barren,H,0.03318288197927115
6025,urban,M,0.03075894349715814
6025,urban,W,0.029505182213306586
6025,barren,W,0.028084252758274825
6025,barren,M,0.026914075560013375
6025,crop,H,0.026496155132062854
6025,urban+barren,H,0.02482447342026078
6025,urban+crop,C,0.024072216649949848
6025,urban+barren,W,0.01930792377131394
6025,urban+barren,M,0.018555667001003008
6025,urban+crop,S,0.010197258441992645
6025,urban,C,0.004764292878635908
6025,crop,C,0.0028418589100635237
6025,crop,S,0.002423938482113006
6025,urban+barren,S,0.0022567703109327986
6025,urban+shrub,M,0.0015880976262119693
6025,urban,S,0.0015045135406218655
6025,urban+barren,C,0.0014209294550317619
6025,urban+shrub,W,0.0014209294550317619
6025,forest,H,0.0012537612838515546
6025,urban+forest,W,0.0012537612838515546
6025,barren,S,0.0010865931126713474
6025,forest,M,0.0010865931126713474
6025,shrub,M,0.0010030090270812437
6025,barren,C,0.0009194249414911401
6025,urban+forest,M,0.0009194249414911401
6025,forest,W,0.0006686726847208291
6025,shrub,W,0.0005015045135406219
6025,urban+forest,H,0.00033433634236041456
6025,urban+forest,S,0.00016716817118020728
6023,forest,W,0.25204327858644043
6023,forest,M,0.22690122207519264
6023,urban+forest,W,0.19444228224488208
6023,urban+forest,M,0.18011987234373783
6023,forest,H,0.047871098310889704
6023,urban+forest,C,0.032069743909083834
6023,urban+forest,H,0.02467502140577567
6023,urban+forest,S,0.011208842531330272
6023,forest,C,0.006227134739627929
6023,shrub,M,0.004514672686230248
6023,shrub,W,0.0039697983965128044
6023,forest,S,0.003658441659531408
6023,urban+shrub,W,0.002802210632832568
6023,urban+shrub,M,0.0024130147116058222
6023,shrub,H,0.0009340702109441893
6023,urban,H,0.0008562310266988402
6023,urban+shrub,H,0.0008562310266988402
6023,urban,M,0.000700552658208142
6023,urban,W,0.0006227134739627928
6023,urban+grass,M,0.0006227134739627928
6023,urban+grass,W,0.0006227134739627928
6023,urban,C,0.00038919592122674555
6023,urban+barren,H,0.00038919592122674555
6023,urban+barren,W,0.00023351755273604732
6023,urban+shrub,S,0.00023351755273604732
6023,urban,S,0.0001556783684906982
6023,urban+barren,S,0.0001556783684906982
6023,urban+shrub,C,0.0001556783684906982
6023,urban+barren,C,7.78391842453491e-05
6023,urban+grass,C,7.78391842453491e-05
6021,urban+crop,W,0.13477173233270795
6021,urban+crop,M,0.12163852407754847
6021,urban+grass,W,0.11882426516572858
6021,urban+grass,M,0.10537836147592246
6021,urban+forest,W,0.05722326454033771
6021,forest,W,0.04878048780487805
6021,urban+forest,M,0.04346466541588493
6021,forest,M,0.04252657911194497
6021,shrub,W,0.03877423389618512
6021,shrub,M,0.03189493433395872
6021,urban+forest,H,0.029393370856785492
6021,crop,W,0.02564102564102564
6021,shrub,H,0.025328330206378986
6021,urban+grass,H,0.020950594121325827
6021,urban+crop,H,0.020012507817385866
6021,forest,H,0.019074421513445905
6021,crop,M,0.01813633520950594
6021,urban+shrub,W,0.014696685428392746
6021,crop,H,0.011569731081926203
6021,urban+shrub,M,0.01125703564727955
6021,urban+crop,C,0.010318949343339587
6021,urban+grass,C,0.007191994996873046
6021,urban+crop,S,0.0068792995622263915
6021,shrub,S,0.005628517823639775
6021,urban+shrub,H,0.005628517823639775
6021,forest,C,0.0028142589118198874
6021,grass,H,0.0028142589118198874
6021,grass,M,0.0028142589118198874
6021,crop,C,0.0025015634771732333
6021,crop,S,0.0025015634771732333
6021,urban+grass,S,0.0025015634771732333
6021,grass,W,0.002188868042526579
6021,forest,S,0.0012507817385866166
6021,shrub,C,0.0012507817385866166
6021,urban+forest,C,0.0012507817385866166
6021,grass,S,0.0009380863039399625
6021,urban+forest,S,0.0009380863039399625
6021,grass,C,0.0006253908692933083
6021,urban+shrub,S,0.0006253908692933083
6019,urban,W,0.2864207855124286
6019,urban,M,0.275044696926005
6019,urban+crop,W,0.06398869600322972
6019,urban+crop,M,0.0581204221696753
6019,urban,C,0.03721379548993598
6019,urban+barren,W,0.029499971163273544
6019,urban+barren,M,0.026904665782340388
6019,urban+grass,W,0.023963319683949477
6019,urban+grass,M,0.022247534459888113
6019,crop,W,0.013524424707307227
6019,urban+shrub,W,0.012068170021339178
6019,crop,M,0.011260741680604418
6019,urban,S,0.010900282599919257
6019,forest,W,0.010669588788280754
6019,urban+shrub,M,0.010323548070823
6019,urban+forest,W,0.00976123190495415
6019,shrub,W,0.00951611973008824
6019,forest,M,0.009371936097814176
6019,shrub,H,0.009343099371359364
6019,urban+forest,M,0.008088701770575005
6019,shrub,M,0.007958936501528346
6019,urban,H,0.007511967241478747
6019,forest,H,0.0073533652459772765
6019,urban+crop,H,0.005233865851548532
6019,urban+crop,C,0.003460407174577542
6019,crop,H,0.003157621546802007
6019,urban+barren,C,0.002912509371936098
6019,urban+barren,H,0.002652978833842782
6019,urban+crop,S,0.0023501932060672475
6019,barren,W,0.0021771728473383703
6019,urban+shrub,H,0.0018311321298806159
6019,grass,W,0.0015860199550147068
6019,urban+barren,S,0.0014995097756502682
6019,barren,M,0.001427417959513236
6019,urban+grass,C,0.001427417959513236
6019,crop,S,0.001326489416921391
6019,grass,M,0.0009804486994636368
6019,urban+grass,S,0.0009660303362362305
6019,urban+forest,H,0.0008795201568717919
6019,crop,C,0.0007930099775073534
6019,grass,S,0.0007641732510525406
6019,urban+grass,H,0.0006199896187784763
6019,barren,H,0.000576734529096257
6019,grass,C,0.0005046427129592249
6019,forest,S,0.00038929580713997346
6019,shrub,S,0.0002451121748659092
6019,barren,S,0.00018743872195628352
6019,forest,C,0.0001730203587288771
6019,urban+forest,C,0.0001730203587288771
6019,urban+shrub,C,0.00015860199550147067
6019,barren,C,0.00014418363227406425
6019,shrub,C,0.0001297652690466578
6019,urban+forest,S,0.00010092854259184497
6019,grass,H,5.76734529096257e-05
6019,urban+shrub,S,5.76734529096257e-05
6017,forest,W,0.2929907125900629
6017,forest,M,0.28740993711215695
6017,urban+forest,W,0.15876056807296657
6017,urban+forest,M,0.15047270001249427
6017,forest,H,0.05376702344758652
6017,urban+forest,C,0.010745075173878639
6017,urban+forest,H,0.01028695181375203
6017,urban+grass,W,0.008662696264212236
6017,urban+grass,M,0.007913039856732331
6017,forest,S,0.004622881179459414
6017,urban+forest,S,0.003831577193786181
6017,forest,C,0.003623339302819541
6017,shrub,W,0.002124026487859731
6017,shrub,M,0.0017491982841197785
6017,urban+shrub,W,0.0011661321894131857
6017,urban+shrub,M,0.0011244846112198575
6017,urban+grass,C,0.00037482820373995254
6017,shrub,H,0.00029153304735329643
6017,urban+grass,S,8.329515638665612e-05
6015,forest,H,0.2624179943767573
6015,forest,W,0.2268041237113402
6015,forest,M,0.20618556701030927
6015,urban+forest,W,0.12089971883786317
6015,urban+forest,M,0.09840674789128398
6015,urban+forest,H,0.046860356138706656
6015,urban+forest,C,0.014058106841611996
6015,forest,C,0.012496094970321775
6015,forest,S,0.006872852233676976
6015,urban+forest,S,0.00499843798812871
6013,urban+grass,W,0.13716014566163787
6013,urban+grass,M,0.13505188511349012
6013,urban,W,0.13390192481450044
6013,urban,M,0.13104071407058565
6013,urban+forest,W,0.09098376365577855
6013,urban+forest,M,0.08830052295813597
6013,forest,W,0.05582783451523697
6013,forest,M,0.054527284177093883
6013,urban+crop,W,0.02087725542808641
6013,urban+crop,M,0.020452865317744984
6013,shrub,W,0.015360183993647839
6013,urban+shrub,W,0.015209593954494428
6013,urban+shrub,M,0.014812583851271802
6013,shrub,M,0.014661993812118392
6013,urban,C,0.013073953399227884
6013,urban+grass,C,0.00826876214987816
6013,urban,S,0.007173561865126085
6013,urban+grass,S,0.006776551761903458
6013,urban+forest,C,0.006625961722750048
6013,urban,H,0.004531391178161706
6013,urban+grass,H,0.0044355611532459
6013,urban+forest,S,0.0038195109930728582
6013,crop,W,0.0035183309147660377
6013,crop,M,0.003354050872053227
6013,forest,S,0.0010541302740738714
6013,forest,C,0.0009583002491580648
6013,urban+barren,M,0.0009583002491580648
6013,urban+crop,C,0.0009446102455986638
6013,urban+shrub,H,0.0009446102455986638
6013,urban+crop,S,0.0008761602278016592
6013,urban+barren,W,0.0007529501957670509
6013,urban+shrub,S,0.0005339101388166361
6013,urban+shrub,C,0.00039701010322262684
6013,shrub,S,0.0003833200996632259
6013,shrub,C,0.000369630096103825
6013,grass,W,0.0003422500889850231
6013,shrub,H,0.0002738000711880185
6013,crop,S,0.00024642006406921664
6013,grass,M,0.00023273006050981572
6013,crop,H,0.0002190400569504148
6013,urban+crop,H,0.0002190400569504148
6013,forest,H,0.00012321003203460832
6013,grass,S,0.00012321003203460832
6013,crop,C,8.214002135640556e-05
6013,urban+forest,H,6.845001779700463e-05
6013,grass,C,5.47600142376037e-05
6013,urban+barren,S,2.738000711880185e-05
6013,urban+other,H,2.738000711880185e-05
6013,other,M,1.3690003559400925e-05
6013,other,S,1.3690003559400925e-05
6013,urban+other,S,1.3690003559400925e-05
6011,urban+crop,W,0.28564940962761126
6011,urban+crop,M,0.28201634877384196
6011,urban+forest,W,0.0681198910081744
6011,urban+forest,M,0.06448683015440508
6011,crop,W,0.04586739327883742
6011,forest,W,0.043596730245231606
6011,crop,M,0.04041780199818347
6011,forest,M,0.04041780199818347
6011,shrub,W,0.02815622161671208
6011,urban+crop,C,0.02452316076294278
6011,urban+shrub,M,0.013169845594913715
6011,urban+shrub,W,0.010899182561307902
6011,shrub,M,0.01044504995458674
6011,urban+crop,S,0.008174386920980926
6011,crop,H,0.004995458673932788
6011,crop,S,0.004995458673932788
6011,crop,C,0.004087193460490463
6011,urban+crop,H,0.0036330608537693005
6011,forest,H,0.0027247956403269754
6011,shrub,H,0.0027247956403269754
6011,urban+forest,C,0.002270663033605813
6011,urban+grass,M,0.002270663033605813
6011,forest,S,0.0013623978201634877
6011,urban+shrub,H,0.0013623978201634877
6011,forest,C,0.0009082652134423251
6011,grass,M,0.0009082652134423251
6011,grass,W,0.0009082652134423251
6011,urban+forest,H,0.0009082652134423251
6009,forest,W,0.265129371007903
6009,forest,M,0.2562520298798311
6009,shrub,W,0.06582223665692324
6009,shrub,M,0.06571397639926382
6009,urban+forest,W,0.0646313738226697
6009,urban+forest,M,0.05737793655948901
6009,urban+grass,W,0.03756630940781639
6009,urban+grass,M,0.035617624769946954
6009,urban+shrub,W,0.03312763884378045
6009,urban+shrub,M,0.03085417343293277
6009,forest,H,0.021652051531882648
6009,shrub,H,0.012016888600194868
6009,urban+forest,H,0.01104254628126015
6009,forest,S,0.008552560355093644
6009,urban+forest,C,0.008119519324455992
6009,forest,C,0.006495615459564794
6009,urban+shrub,H,0.004546930821695355
6009,urban+grass,H,0.004222150048717116
6009,urban+forest,S,0.002381725668507091
6009,shrub,C,0.0022734654108476776
6009,urban+grass,C,0.001407383349572372
6009,shrub,S,0.0012991230919129587
6009,urban+shrub,C,0.0010826025765941322
6009,grass,M,0.0007578218036158926
6009,urban+shrub,S,0.0007578218036158926
6009,grass,W,0.0006495615459564793
6009,urban+grass,S,0.0006495615459564793
6007,urban+forest,W,0.18938835666912307
6007,urban+forest,M,0.1673728813559322
6007,forest,W,0.14084377302873988
6007,forest,M,0.1187822402358143
6007,forest,H,0.07396831245394252
6007,urban+grass,W,0.05186072218128224
6007,urban+grass,M,0.04928150331613854
6007,urban+forest,H,0.03062822402358143
6007,urban+forest,C,0.024824981577008107
6007,shrub,H,0.021923360353721444
6007,shrub,W,0.01879145173176124
6007,urban+crop,W,0.01787030213706706
6007,urban+crop,M,0.01782424465733235
6007,shrub,M,0.014323876197494473
6007,urban+forest,S,0.010777450257921886
6007,urban+grass,H,0.009073323507737657
6007,urban+shrub,W,0.006494104642593957
6007,crop,W,0.005250552689756816
6007,urban+shrub,M,0.0050202652910832715
6007,urban+grass,C,0.003960943257184967
6007,crop,M,0.003914885777450258
6007,urban+shrub,H,0.0035464259395725866
6007,forest,C,0.002809506263817244
6007,forest,S,0.002394988946204864
6007,urban+crop,H,0.0019804716285924833
6007,crop,H,0.001658069270449521
6007,urban+grass,S,0.0012896094325718496
6007,grass,W,0.0008750921149594694
6007,urban+crop,C,0.0008290346352247605
6007,grass,M,0.0006908621960206337
6007,crop,C,0.0004605747973470892
6007,shrub,C,0.0004605747973470892
6007,urban+shrub,S,0.0003224023581429624
6007,urban+crop,S,0.0002763448784082535
6007,grass,H,9.211495946941784e-05
6007,shrub,S,9.211495946941784e-05
6007,urban+shrub,C,4.605747973470892e-05
6005,forest,M,0.2805726784649036
6005,forest,W,0.2626764764366673
6005,urban+forest,W,0.07635712865380792
6005,urban+forest,M,0.0729767349373633
6005,urban+grass,W,0.05050705905746669
6005,urban+grass,M,0.05010936567906144
6005,shrub,M,0.048518592165440445
6005,shrub,W,0.041360111354145954
6005,urban+shrub,W,0.022668522569099226
6005,urban+shrub,M,0.02127659574468085
6005,forest,H,0.014515808311791608
6005,urban+grass,C,0.007556174189699742
6005,shrub,H,0.006959634122091867
6005,urban+forest,C,0.005567707297673493
6005,urban+forest,S,0.005368860608470869
6005,urban+grass,H,0.004772320540862995
6005,urban+shrub,H,0.004374627162457745
6005,urban+grass,S,0.003976933784052496
6005,shrub,C,0.0031815470272419963
6005,forest,S,0.0029827003380393717
6005,forest,C,0.0023861602704314975
6005,urban+forest,H,0.0021873135812288725
6005,shrub,S,0.001988466892026248
6005,crop,W,0.0013919268244183733
6005,grass,W,0.0013919268244183733
6005,urban+shrub,C,0.0011930801352157488
6005,crop,M,0.000994233446013124
6005,grass,C,0.000994233446013124
6005,grass,M,0.0007953867568104991
6005,urban+shrub,S,0.00039769337840524953
6003,forest,W,0.42333333333333334
6003,forest,M,0.4066666666666667
6003,forest,H,0.056666666666666664
6003,shrub,M,0.03
6003,urban+forest,W,0.023333333333333334
6003,shrub,W,0.016666666666666666
6003,urban+shrub,W,0.013333333333333334
6003,forest,C,0.01
6003,urban+shrub,M,0.01
6003,urban+forest,M,0.006666666666666667
6003,urban+forest,C,0.0033333333333333335
6001,urban,M,0.2641982593302847
6001,urban,W,0.26401386635196933
6001,urban+grass,M,0.08784481486944977
6001,urban+grass,W,0.08688597138220977
6001,urban,C,0.06025962531346806
6001,urban+forest,W,0.0445493435609972
6001,urban+forest,M,0.04424202193047155
6001,urban,S,0.028052318434380684
6001,forest,M,0.02089787087574372
6001,forest,W,0.02020947042336628
6001,urban+shrub,W,0.01277228696464572
6001,urban+shrub,M,0.012047007916605202
6001,urban+grass,C,0.011469243251216994
6001,shrub,M,0.008014948124108768
6001,shrub,W,0.008002655258887742
6001,urban+grass,S,0.007301961941289276
6001,urban,H,0.006748783006343118
6001,urban+forest,C,0.002126665683237449
6001,urban+grass,H,0.0015366081526282146
6001,urban+forest,S,0.0012907508482077003
6001,urban+barren,M,0.001130943600334366
6001,urban+barren,W,0.0010203078133451345
6001,urban+shrub,C,0.0007498647784825687
6001,urban+shrub,S,0.0006269361262723115
6001,forest,S,0.0005163003392830801
6001,forest,C,0.0005040074740620544
6001,shrub,S,0.0005040074740620544
6001,urban+crop,W,0.00035649309140974576
6001,urban+forest,H,0.0003073216305256429
6001,shrub,C,0.0002950287653046172
6001,urban+crop,M,0.0002950287653046172
6001,urban+barren,C,0.00024585730442051434
6001,urban+other,M,0.00019668584353641148
6001,urban+other,W,0.00019668584353641148
6001,urban+barren,S,0.00018439297831538575
6001,grass,M,0.00017210011309436003
6001,grass,W,0.00012292865221025717
6001,forest,H,3.687859566307715e-05
6001,grass,C,2.4585730442051434e-05
6001,urban+barren,H,2.4585730442051434e-05
6001,urban+crop,C,1.2292865221025717e-05
6001,urban+shrub,H,1.2292865221025717e-05
