fips,bldgtype,freq
6115,W,0.3988191089640365
6115,M,0.3557434245840043
6115,H,0.20021470746108427
6115,C,0.029522275899087493
6115,S,0.01570048309178744
6113,W,0.47808949686992813
6113,M,0.44408377772625396
6113,C,0.042739006105572304
6113,H,0.02086714583816369
6113,S,0.014220573460081922
6111,W,0.45770295795052357
6111,M,0.4466633657919349
6111,C,0.044910234545487884
6111,H,0.027525627624653867
6111,S,0.023197814087399828
6109,W,0.48311833987661246
6109,M,0.4207515423443634
6109,H,0.06662927650028043
6109,C,0.016264722378014584
6109,S,0.013236118900729107
6107,W,0.4575317552783382
6107,M,0.4279787445653718
6107,H,0.06893808075928505
6107,C,0.027933278395044187
6107,S,0.017618141001960727
6105,W,0.3857677902621723
6105,M,0.37774210807918673
6105,H,0.17228464419475656
6105,C,0.04975922953451043
6105,S,0.014446227929373997
6103,W,0.4672451723295038
6103,M,0.44341236861403077
6103,H,0.05817648496700073
6103,C,0.023710584209239795
6103,S,0.007455389880224884
6101,W,0.47517135263673244
6101,M,0.44803469016645686
6101,C,0.033291369422296824
6101,H,0.023639669883899848
6101,S,0.019862917890614073
6099,W,0.46731228580330253
6099,M,0.4502544397133659
6099,C,0.04494236161595181
6099,S,0.019887838820230555
6099,H,0.017603074047149236
6097,W,0.46513360022344286
6097,M,0.4478633274369239
6097,C,0.03691462619867796
6097,H,0.03135182943859976
6097,S,0.01873661670235546
6095,W,0.472697224189686
6095,M,0.45890249249553106
6095,C,0.03052379506897366
6095,S,0.02158588822557253
6095,H,0.01629060002023677
6093,W,0.4159090909090909
6093,M,0.37927807486631016
6093,H,0.15935828877005348
6093,C,0.023262032085561497
6093,S,0.02219251336898396
6091,W,0.4782608695652174
6091,M,0.47665056360708535
6091,C,0.027375201288244767
6091,S,0.011272141706924315
6091,H,0.00644122383252818
6089,W,0.407955901106586
6089,M,0.3842198362746308
6089,H,0.16347854704019088
6089,C,0.02941297461845407
6089,S,0.01493274096013822
6087,W,0.46571285140562246
6087,M,0.44221887550200806
6087,C,0.03770080321285141
6087,H,0.032178714859437754
6087,S,0.02218875502008032
6085,W,0.45747098074293413
6085,M,0.4505618786177683
6085,C,0.05692812271881394
6085,S,0.022927526397499565
6085,H,0.012111491522984075
6083,W,0.4503710112135228
6083,M,0.43183708781153296
6083,C,0.05523575017469138
6083,H,0.03354074468439091
6083,S,0.029015406115861977
6081,W,0.4666905345487593
6081,M,0.4477981878769519
6081,C,0.05554790559334637
6081,S,0.02349150395197048
6081,H,0.006471868028971937
6079,W,0.4512223209291613
6079,M,0.4285855295627283
6079,H,0.05905965189352812
6079,C,0.040568551969203434
6079,S,0.02056394564537887
6077,W,0.4728415758591785
6077,M,0.4587384744341995
6077,C,0.03480720871751886
6077,H,0.01978206202849958
6077,S,0.013830678960603521
6075,W,0.3703203135558859
6075,M,0.3683831148353381
6075,C,0.16335540838852097
6075,S,0.09753570302293103
6075,H,0.0004054601973239627
6073,W,0.4475501616275872
6073,M,0.4401251511204969
6073,C,0.057013288226351266
6073,S,0.02921230548911154
6073,H,0.02609909353645312
6071,W,0.46097899812045434
6071,M,0.4367783887273958
6071,H,0.04538343898481187
6071,C,0.03763760959151986
6071,S,0.01922156457581807
6069,W,0.4661144578313253
6069,M,0.45582329317269077
6069,H,0.02886546184738956
6069,C,0.028112449799196786
6069,S,0.02108433734939759
6067,W,0.47499007936507937
6067,M,0.4500595238095238
6067,C,0.03601190476190476
6067,S,0.02134920634920635
6067,H,0.017589285714285714
6065,W,0.43453388652776165
6065,M,0.41547697858814137
6065,H,0.1031832262824627
6065,C,0.031503782576396924
6065,S,0.01530212602523739
6063,W,0.5024068913098556
6063,M,0.38662275145680264
6063,H,0.04535089941727895
6063,C,0.03673676209779579
6063,S,0.02888269571826704
6061,W,0.4892478446140125
6061,M,0.45639678921811516
6061,C,0.026929937568130016
6061,H,0.014864730948369834
6061,S,0.01256069765137251
6059,W,0.45121788136402713
6059,M,0.44008660489699747
6059,C,0.06718884325150444
6059,S,0.023497946317699876
6059,H,0.01800872416977107
6057,W,0.452
6057,M,0.4402857142857143
6057,H,0.08107142857142857
6057,C,0.0165
6057,S,0.010142857142857143
6055,W,0.46492798090854853
6055,M,0.4400409102531322
6055,C,0.03929088894570869
6055,H,0.03366572914003239
6055,S,0.0220744907525782
6053,W,0.5613947022936134
6053,M,0.325044404973357
6053,C,0.04625839833191752
6053,H,0.043632712950807014
6053,S,0.023669781450305044
6051,W,0.4211375554659137
6051,M,0.4037918515530456
6051,H,0.13231141589350545
6051,C,0.02743041549011698
6051,S,0.015328761597418314
6049,H,0.3622869708631116
6049,W,0.3117097306212204
6049,M,0.2957669048927982
6049,C,0.022539857064321055
6049,S,0.007696536558548653
6047,W,0.48459194039959363
6047,M,0.42252430941899277
6047,C,0.03676648444680954
6047,S,0.030961250060471193
6047,H,0.025156015674132844
6045,W,0.40786815523657627
6045,M,0.3725677830940989
6045,H,0.1547049441786284
6045,C,0.043168527379053696
6045,S,0.021690590111642743
6043,W,0.5069848661233993
6043,M,0.46449359720605354
6043,C,0.011641443538998836
6043,S,0.008731082654249126
6043,H,0.008149010477299184
6041,W,0.47245707083967864
6041,M,0.4603266292075828
6041,C,0.04264034028251851
6041,S,0.01864202069001733
6041,H,0.005933938980202699
6039,W,0.4588372732270478
6039,M,0.4433067619571193
6039,H,0.06274051676745465
6039,C,0.022333699835074217
6039,S,0.012781748213304012
6037,W,0.43346415918368264
6037,M,0.42732874881212074
6037,C,0.08880281990739597
6037,S,0.03730221670062747
6037,H,0.013102055396173175
6035,W,0.4637763833428408
6035,M,0.3973188819167142
6035,H,0.08956075299486595
6035,C,0.03223046206503138
6035,S,0.017113519680547633
6033,W,0.3683604815864023
6033,M,0.32170679886685555
6033,H,0.2827549575070821
6033,C,0.017351274787535412
6033,S,0.009826487252124646
6031,W,0.47499314254365915
6031,M,0.45487793727713266
6031,C,0.02825272012434854
6031,H,0.028161287373137056
6031,S,0.013714912681722593
6029,W,0.43817486145341156
6029,M,0.40462412004193843
6029,H,0.09599542489889844
6029,C,0.04005936738334173
6029,S,0.021146226222409827
6027,W,0.383289124668435
6027,M,0.3149867374005305
6027,H,0.23209549071618038
6027,C,0.034814323607427054
6027,S,0.034814323607427054
6025,W,0.42109662320294217
6025,M,0.4012871949180876
6025,H,0.1259612169842862
6025,C,0.03401872283517218
6025,S,0.017636242059511868
6023,W,0.4547365143613295
6023,M,0.4152720479489375
6023,H,0.07558184790223399
6023,C,0.038997431306919905
6023,S,0.015412158480579124
6021,W,0.44090056285178236
6021,M,0.3771106941838649
6021,H,0.13477173233270795
6021,C,0.025953721075672294
6021,S,0.021263289555972485
6019,W,0.463175500317204
6019,M,0.4317290501182306
6019,C,0.047090374300709385
6019,H,0.03921794797854548
6019,S,0.01878712728531057
6017,W,0.4637041356045146
6017,M,0.4486693598767232
6017,H,0.06434550830869185
6017,C,0.014743242680438133
6017,S,0.008537753529632252
6015,W,0.3477038425492034
6015,H,0.30927835051546393
6015,M,0.3045923149015933
6015,C,0.02655420181193377
6015,S,0.011871290221805686
6013,W,0.4739342332229006
6013,M,0.46340662048572134
6013,C,0.03077512800153328
6013,S,0.021041535470799223
6013,H,0.010842482819045533
6011,W,0.48319709355131696
6011,M,0.45413260672116257
6011,C,0.03178928247048138
6011,H,0.01634877384196185
6011,S,0.014532243415077202
6009,W,0.46692649128504926
6009,M,0.4465735628450796
6009,H,0.053480567283750134
6009,C,0.019378586121034966
6009,S,0.013640792465086067
6007,W,0.4313743551952837
6007,M,0.37721075902726603
6007,H,0.14287030213706706
6007,C,0.03339167280766397
6007,S,0.015152910832719234
6005,M,0.47524358719427323
6005,W,0.4563531517200239
6005,H,0.032809703718433086
6005,C,0.0208789023662756
6005,S,0.014714655000994234
6003,W,0.4766666666666667
6003,M,0.4533333333333333
6003,H,0.056666666666666664
6003,C,0.013333333333333334
6001,M,0.43903968136893345
6001,W,0.43813000934257756
6001,C,0.07568717116585534
6001,S,0.03847666814181049
6001,H,0.00866646998082313
